======================================================================
СНИФФИНГ ПРОТОКОЛА (поиск маркера)
Порт: COM5
Скорость: 57600
Маркер: 5555
Начало: 2026-08-12 13:10:43
======================================================================

Пакет #1 [13:10:43.709]
HEX: 55551201A40500080000F500B9
Длина: 13 байт
  Длина: 13 байт
  Маркер: 5555
  Адрес назначения: 0x12
  Адрес отправителя: 0x01
  Счетчик пакетов: 0xA4
  Длина пакетов: 0x05
  Функция: 0x08
  Адр: 0x00 0x00
  Размер: 0x00 0xF5
  CRC: 0xB9
  Первые 13 байт: 55551201A40500080000F500B9

Пакет #2 [13:10:43.879]
HEX: 55550112A4F50006001F00010000B831010000000000000000000000000000000000001B689F4100000000616B133F0A2EA5410000C8420A57B44200000000000000000000000000000000674CB33FC4ABF840F8EE47C3F8EE47C3E8BB1942FACC99410000000000000000FACC99410000000000000000A3EC373F299661400B44384000000000000000000000000000000000000498220000982200000000000000000000F0060000000000000000000000000000000000000100000000070703000000000000000000002BE7E63E4B86B1400000000000000000E38D6044FD845F4401ABE8FA40DFE4783FA82F793FDB1A793F0CA150001400000097
Длина: 253 байт
  Длина: 253 байт
  Маркер: 5555
  Адрес назначения: 0x01
  Адрес отправителя: 0x12
  Счетчик пакетов: 0xA4
  Длина пакетов: 0xF5
  Функция: 0x06
  Адр: 0x1F 0x00
  Размер: 0x01 0x00
  CRC: 0x00
  Первые 16 байт: 55550112A4F50006001F00010000B831
  ... и еще 237 байт

Пакет #3 [13:10:43.890]
HEX: 55551201A90500080000F500BE
Длина: 13 байт
  Длина: 13 байт
  Маркер: 5555
  Адрес назначения: 0x12
  Адрес отправителя: 0x01
  Счетчик пакетов: 0xA9
  Длина пакетов: 0x05
  Функция: 0x08
  Адр: 0x00 0x00
  Размер: 0x00 0xF5
  CRC: 0xBE
  Первые 13 байт: 55551201A90500080000F500BE

Пакет #4 [13:10:44.065]
HEX: 55550112A9F50006001F00010000B831010000000000000000000000000000000000001B689F4100000000616B133F0A2EA5410000C8420A57B44200000000000000000000000000000000674CB33FC4ABF840F8EE47C3F8EE47C3E8BB1942FACC99410000000000000000FACC99410000000000000000A3EC373F299661400B44384000000000000000000000000000000000000498220000982200000000000000000000F0060000000000000000000000000000000000000100000000070703000000000000000000002BE7E63E4B86B1400000000000000000D3A36044FD845F4401ABE8FA40DFE4783FA82F793FDB1A793F0CA1500014000000A2
Длина: 253 байт
  Длина: 253 байт
  Маркер: 5555
  Адрес назначения: 0x01
  Адрес отправителя: 0x12
  Счетчик пакетов: 0xA9
  Длина пакетов: 0xF5
  Функция: 0x06
  Адр: 0x1F 0x00
  Размер: 0x01 0x00
  CRC: 0x00
  Первые 16 байт: 55550112A9F50006001F00010000B831
  ... и еще 237 байт

Пакет #5 [13:10:44.083]
HEX: 55551201AF0500080000F500C4
Длина: 13 байт
  Длина: 13 байт
  Маркер: 5555
  Адрес назначения: 0x12
  Адрес отправителя: 0x01
  Счетчик пакетов: 0xAF
  Длина пакетов: 0x05
  Функция: 0x08
  Адр: 0x00 0x00
  Размер: 0x00 0xF5
  CRC: 0xC4
  Первые 13 байт: 55551201AF0500080000F500C4

Пакет #6 [13:10:44.252]
HEX: 55550112AFF50006001F00010000B831010000000000000000000000000000000000001B689F4100000000616B133F0A2EA5410000C8420A57B44200000000000000000000000000000000674CB33FC4ABF840F8EE47C3F8EE47C3E8BB1942FACC99410000000000000000FACC99410000000000000000A3EC373F299661400B44384000000000000000000000000000000000000498220000982200000000000000000000F0060000000000000000000000000000000000000100000000070703000000000000000000002BE7E63E4B86B1400000000000000000D3A36044EDC05F4401ABE8FA40DFE4783FA82F793FDB1A793F0CA1500014000000D4
Длина: 253 байт
  Длина: 253 байт
  Маркер: 5555
  Адрес назначения: 0x01
  Адрес отправителя: 0x12
  Счетчик пакетов: 0xAF
  Длина пакетов: 0xF5
  Функция: 0x06
  Адр: 0x1F 0x00
  Размер: 0x01 0x00
  CRC: 0x00
  Первые 16 байт: 55550112AFF50006001F00010000B831
  ... и еще 237 байт

Пакет #7 [13:10:44.263]
HEX: 55551201B50500080000F500CA
Длина: 13 байт
  Длина: 13 байт
  Маркер: 5555
  Адрес назначения: 0x12
  Адрес отправителя: 0x01
  Счетчик пакетов: 0xB5
  Длина пакетов: 0x05
  Функция: 0x08
  Адр: 0x00 0x00
  Размер: 0x00 0xF5
  CRC: 0xCA
  Первые 13 байт: 55551201B50500080000F500CA

Пакет #8 [13:10:44.439]
HEX: 55550112B5F50006001F00010000B931010000000000000000000000000000000000001B689F4100000000616B133F0A2EA5410000C8420A57B44200000000000000000000000000000000674CB33FC4ABF840F8EE47C3F8EE47C3E8BB1942FACC99410000000000000000FACC99410000000000000000A3EC373F299661400B44384000000000000000000000000000000000000497220000972200000000000000000000EF060000000000000000000000000000000000000100000000070703000000000000000000002BE7E63E4B86B1400000000000000000D3A36044EDC05F440173C8FA40DFE4783FA82F793FDB1A793F0DA150001400000081
Длина: 253 байт
  Длина: 253 байт
  Маркер: 5555
  Адрес назначения: 0x01
  Адрес отправителя: 0x12
  Счетчик пакетов: 0xB5
  Длина пакетов: 0xF5
  Функция: 0x06
  Адр: 0x1F 0x00
  Размер: 0x01 0x00
  CRC: 0x00
  Первые 16 байт: 55550112B5F50006001F00010000B931
  ... и еще 237 байт

Пакет #9 [13:10:44.450]
HEX: 55551201B90500080000F500CE
Длина: 13 байт
  Длина: 13 байт
  Маркер: 5555
  Адрес назначения: 0x12
  Адрес отправителя: 0x01
  Счетчик пакетов: 0xB9
  Длина пакетов: 0x05
  Функция: 0x08
  Адр: 0x00 0x00
  Размер: 0x00 0xF5
  CRC: 0xCE
  Первые 13 байт: 55551201B90500080000F500CE

Пакет #10 [13:10:44.620]
HEX: 55550112B9F50006001F00010000B931010000000000000000000000000000000000001B689F4100000000616B133F0A2EA5410000C8420A57B44200000000000000000000000000000000674CB33FC4ABF840F8EE47C3F8EE47C3E8BB1942FACC99410000000000000000FACC99410000000000000000A3EC373F299661400B44384000000000000000000000000000000000000497220000972200000000000000000000EF060000000000000000000000000000000000000100000000070703000000000000000000002BE7E63E4B86B1400000000000000000436C6044EDC05F440173C8FA40DFE4783FA82F793FDB1A793F0DA1500014000000BE
Длина: 253 байт
  Длина: 253 байт
  Маркер: 5555
  Адрес назначения: 0x01
  Адрес отправителя: 0x12
  Счетчик пакетов: 0xB9
  Длина пакетов: 0xF5
  Функция: 0x06
  Адр: 0x1F 0x00
  Размер: 0x01 0x00
  CRC: 0x00
  Первые 16 байт: 55550112B9F50006001F00010000B931
  ... и еще 237 байт

Пакет #11 [13:10:44.630]
HEX: 55551201C00500080000F500D5
Длина: 13 байт
  Длина: 13 байт
  Маркер: 5555
  Адрес назначения: 0x12
  Адрес отправителя: 0x01
  Счетчик пакетов: 0xC0
  Длина пакетов: 0x05
  Функция: 0x08
  Адр: 0x00 0x00
  Размер: 0x00 0xF5
  CRC: 0xD5
  Первые 13 байт: 55551201C00500080000F500D5

Пакет #12 [13:10:44.802]
HEX: 55550112C0F50006001F00010000B931010000000000000000000000000000000000001B689F4100000000616B133F0A2EA5410000C8420A57B44200000000000000000000000000000000674CB33FC4ABF840F8EE47C3F8EE47C3E8BB1942FACC99410000000000000000FACC99410000000000000000A3EC373F41996140B945384000000000000000000000000000000000000497220000972200000000000000000000EF060000000000000000000000000000000000000100000000070703000000000000000000002BE7E63E4B86B1400000000000000000436C6044EDC05F440173C8FA40DFE4783FA82F793F511B793F0DA150001400000006
Длина: 253 байт
  Длина: 253 байт
  Маркер: 5555
  Адрес назначения: 0x01
  Адрес отправителя: 0x12
  Счетчик пакетов: 0xC0
  Длина пакетов: 0xF5
  Функция: 0x06
  Адр: 0x1F 0x00
  Размер: 0x01 0x00
  CRC: 0x00
  Первые 16 байт: 55550112C0F50006001F00010000B931
  ... и еще 237 байт

Пакет #13 [13:10:44.824]
HEX: 55551201C60500080000F500DB
Длина: 13 байт
  Длина: 13 байт
  Маркер: 5555
  Адрес назначения: 0x12
  Адрес отправителя: 0x01
  Счетчик пакетов: 0xC6
  Длина пакетов: 0x05
  Функция: 0x08
  Адр: 0x00 0x00
  Размер: 0x00 0xF5
  CRC: 0xDB
  Первые 13 байт: 55551201C60500080000F500DB

Пакет #14 [13:10:44.982]
HEX: 55550112C6F50006001F00010000B93101000000000000000000000000000000000000686C9F4100000000616B133F0A2EA5410000C8420A57B44200000000000000000000000000000000FC59B33F6DC1F840F8EE47C3F8EE47C3E7B6194244D09941000000000000000044D09941000000000000000081EF373F41996140B945384000000000000000000000000000000000000497220000972200000000000000000000EF0600000000000000000000000000000000000001000000000707030000000000000000000028EDE63E4F88B1400000000000000000436C60446F985F440173C8FA40E4E4783F302F793F511B793F0DA150001400000025
Длина: 253 байт
  Длина: 253 байт
  Маркер: 5555
  Адрес назначения: 0x01
  Адрес отправителя: 0x12
  Счетчик пакетов: 0xC6
  Длина пакетов: 0xF5
  Функция: 0x06
  Адр: 0x1F 0x00
  Размер: 0x01 0x00
  CRC: 0x00
  Первые 16 байт: 55550112C6F50006001F00010000B931
  ... и еще 237 байт

Пакет #15 [13:10:44.999]
HEX: 55551201CC0500080000F500E1
Длина: 13 байт
  Длина: 13 байт
  Маркер: 5555
  Адрес назначения: 0x12
  Адрес отправителя: 0x01
  Счетчик пакетов: 0xCC
  Длина пакетов: 0x05
  Функция: 0x08
  Адр: 0x00 0x00
  Размер: 0x00 0xF5
  CRC: 0xE1
  Первые 13 байт: 55551201CC0500080000F500E1

Пакет #16 [13:10:45.173]
HEX: 55550112CCF50006001F00010000B93101000000000000000000000000000000000000686C9F4100000000616B133F0A2EA5410000C8420A57B44200000000000000000000000000000000FC59B33F6DC1F840F8EE47C3F8EE47C3E7B6194244D09941000000000000000044D09941000000000000000081EF373F41996140B945384000000000000000000000000000000000000497220000972200000000000000000000EF0600000000000000000000000000000000000001000000000707030000000000000000000028EDE63E4F88B1400000000000000000D9D860446F985F440173C8FA40E4E4783F302F793F511B793F0DA15000140000002D
Длина: 253 байт
  Длина: 253 байт
  Маркер: 5555
  Адрес назначения: 0x01
  Адрес отправителя: 0x12
  Счетчик пакетов: 0xCC
  Длина пакетов: 0xF5
  Функция: 0x06
  Адр: 0x1F 0x00
  Размер: 0x01 0x00
  CRC: 0x00
  Первые 16 байт: 55550112CCF50006001F00010000B931
  ... и еще 237 байт

Пакет #17 [13:10:45.184]
HEX: 55551201D00500080000F500E5
Длина: 13 байт
  Длина: 13 байт
  Маркер: 5555
  Адрес назначения: 0x12
  Адрес отправителя: 0x01
  Счетчик пакетов: 0xD0
  Длина пакетов: 0x05
  Функция: 0x08
  Адр: 0x00 0x00
  Размер: 0x00 0xF5
  CRC: 0xE5
  Первые 13 байт: 55551201D00500080000F500E5

Пакет #18 [13:10:45.377]
HEX: 55550112D0F50006001F00010000B93101000000000000000000000000000000000000686C9F4100000000616B133F0A2EA5410000C8420A57B44200000000000000000000000000000000FC59B33F6DC1F840F8EE47C3F8EE47C3E7B6194244D09941000000000000000044D09941000000000000000081EF373F41996140B945384000000000000000000000000000000000000497220000972200000000000000000000EF0600000000000000000000000000000000000001000000000707030000000000000000000028EDE63E4F88B1400000000000000000D9D860446F985F440173C8FA40E4E4783F302F793F511B793F0DA150001400000031
Длина: 253 байт
  Длина: 253 байт
  Маркер: 5555
  Адрес назначения: 0x01
  Адрес отправителя: 0x12
  Счетчик пакетов: 0xD0
  Длина пакетов: 0xF5
  Функция: 0x06
  Адр: 0x1F 0x00
  Размер: 0x01 0x00
  CRC: 0x00
  Первые 16 байт: 55550112D0F50006001F00010000B931
  ... и еще 237 байт

Пакет #19 [13:10:45.378]
HEX: 55551201D70500080000F500EC
Длина: 13 байт
  Длина: 13 байт
  Маркер: 5555
  Адрес назначения: 0x12
  Адрес отправителя: 0x01
  Счетчик пакетов: 0xD7
  Длина пакетов: 0x05
  Функция: 0x08
  Адр: 0x00 0x00
  Размер: 0x00 0xF5
  CRC: 0xEC
  Первые 13 байт: 55551201D70500080000F500EC

Пакет #20 [13:10:45.560]
HEX: 55550112D7F50006001F00010000BA3101000000000000000000000000000000000000686C9F41000000003C1D133FC885A5410000C8420A57B44200000000000000000000000000000000FC59B33F6DC1F840F8EE47C3F8EE47C3E7B6194244D09941000000000000000044D09941000000000000000081EF373F41996140B945384000000000000000000000000000000000000496220000962200000000000000000000EE0600000000000000000000000000000000000001000000000707030000000000000000000028EDE63E4F88B1400000000000000000D9D860446F985F4401CED0FA40E4E4783F302F793F511B793F0EA15000140000003C
Длина: 253 байт
  Длина: 253 байт
  Маркер: 5555
  Адрес назначения: 0x01
  Адрес отправителя: 0x12
  Счетчик пакетов: 0xD7
  Длина пакетов: 0xF5
  Функция: 0x06
  Адр: 0x1F 0x00
  Размер: 0x01 0x00
  CRC: 0x00
  Первые 16 байт: 55550112D7F50006001F00010000BA31
  ... и еще 237 байт

Пакет #21 [13:10:45.576]
HEX: 55551201DD0500080000F500F2
Длина: 13 байт
  Длина: 13 байт
  Маркер: 5555
  Адрес назначения: 0x12
  Адрес отправителя: 0x01
  Счетчик пакетов: 0xDD
  Длина пакетов: 0x05
  Функция: 0x08
  Адр: 0x00 0x00
  Размер: 0x00 0xF5
  CRC: 0xF2
  Первые 13 байт: 55551201DD0500080000F500F2

Пакет #22 [13:10:45.751]
HEX: 55550112DDF50006001F00010000BA3101000000000000000000000000000000000000686C9F41000000003C1D133FC885A5410000C8420A57B44200000000000000000000000000000000FC59B33F6DC1F840F8EE47C3F8EE47C3E7B6194244D09941000000000000000044D09941000000000000000081EF373F41996140B945384000000000000000000000000000000000000496220000962200000000000000000000EE0600000000000000000000000000000000000001000000000707030000000000000000000028EDE63E4F88B140000000000000000065DD604449965F4401CED0FA40E4E4783F302F793F511B793F0EA1500014000000AB
Длина: 253 байт
  Длина: 253 байт
  Маркер: 5555
  Адрес назначения: 0x01
  Адрес отправителя: 0x12
  Счетчик пакетов: 0xDD
  Длина пакетов: 0xF5
  Функция: 0x06
  Адр: 0x1F 0x00
  Размер: 0x01 0x00
  CRC: 0x00
  Первые 16 байт: 55550112DDF50006001F00010000BA31
  ... и еще 237 байт

Пакет #23 [13:10:45.767]
HEX: 55551201E20500080000F500F7
Длина: 13 байт
  Длина: 13 байт
  Маркер: 5555
  Адрес назначения: 0x12
  Адрес отправителя: 0x01
  Счетчик пакетов: 0xE2
  Длина пакетов: 0x05
  Функция: 0x08
  Адр: 0x00 0x00
  Размер: 0x00 0xF5
  CRC: 0xF7
  Первые 13 байт: 55551201E20500080000F500F7

Пакет #24 [13:10:45.950]
HEX: 55550112E2F50006001F00010000BA3101000000000000000000000000000000000000686C9F41000000003C1D133FC885A5410000C8420A57B44200000000000000000000000000000000FC59B33F6DC1F840F8EE47C3F8EE47C3E7B6194244D09941000000000000000044D09941000000000000000081EF373F41996140B945384000000000000000000000000000000000000496220000962200000000000000000000EE0600000000000000000000000000000000000001000000000707030000000000000000000028EDE63E4F88B140000000000000000065DD604449965F4401CED0FA40E4E4783F302F793F511B793F0EA1500014000000B0
Длина: 253 байт
  Длина: 253 байт
  Маркер: 5555
  Адрес назначения: 0x01
  Адрес отправителя: 0x12
  Счетчик пакетов: 0xE2
  Длина пакетов: 0xF5
  Функция: 0x06
  Адр: 0x1F 0x00
  Размер: 0x01 0x00
  CRC: 0x00
  Первые 16 байт: 55550112E2F50006001F00010000BA31
  ... и еще 237 байт

Пакет #25 [13:10:45.966]
HEX: 55551201E90500080000F500FE
Длина: 13 байт
  Длина: 13 байт
  Маркер: 5555
  Адрес назначения: 0x12
  Адрес отправителя: 0x01
  Счетчик пакетов: 0xE9
  Длина пакетов: 0x05
  Функция: 0x08
  Адр: 0x00 0x00
  Размер: 0x00 0xF5
  CRC: 0xFE
  Первые 13 байт: 55551201E90500080000F500FE

Пакет #26 [13:10:46.137]
HEX: 55550112E9F50006001F00010000BA3101000000000000000000000000000000000000686C9F41000000003C1D133FC885A5410000C8420A57B44200000000000000000000000000000000FC59B33F6DC1F840F8EE47C3F8EE47C3E7B6194244D09941000000000000000044D09941000000000000000081EF373F41996140B945384000000000000000000000000000000000000496220000962200000000000000000000EE0600000000000000000000000000000000000001000000000707030000000000000000000028EDE63E4F88B140000000000000000065DD604449965F4401CED0FA40E4E4783F302F793F511B793F0EA1500014000000B7
Длина: 253 байт
  Длина: 253 байт
  Маркер: 5555
  Адрес назначения: 0x01
  Адрес отправителя: 0x12
  Счетчик пакетов: 0xE9
  Длина пакетов: 0xF5
  Функция: 0x06
  Адр: 0x1F 0x00
  Размер: 0x01 0x00
  CRC: 0x00
  Первые 16 байт: 55550112E9F50006001F00010000BA31
  ... и еще 237 байт

Пакет #27 [13:10:46.148]
HEX: 55551201EF0500080000F50004
Длина: 13 байт
  Длина: 13 байт
  Маркер: 5555
  Адрес назначения: 0x12
  Адрес отправителя: 0x01
  Счетчик пакетов: 0xEF
  Длина пакетов: 0x05
  Функция: 0x08
  Адр: 0x00 0x00
  Размер: 0x00 0xF5
  CRC: 0x04
  Первые 13 байт: 55551201EF0500080000F50004

Пакет #28 [13:10:46.324]
HEX: 55550112EFF50006001F00010000BA3101000000000000000000000000000000000000686C9F41000000003C1D133FC885A5410000C8420A57B44200000000000000000000000000000000FC59B33F6DC1F840F8EE47C3F8EE47C3E7B6194244D09941000000000000000044D09941000000000000000081EF373FCD9A61403B47384000000000000000000000000000000000000496220000962200000000000000000000EE0600000000000000000000000000000000000001000000000707030000000000000000000028EDE63E4F88B14000000000000000003BB0604498855F4401CED0FA40E4E4783F302F793F8C1B793F0EA1500014000000F0
Длина: 253 байт
  Длина: 253 байт
  Маркер: 5555
  Адрес назначения: 0x01
  Адрес отправителя: 0x12
  Счетчик пакетов: 0xEF
  Длина пакетов: 0xF5
  Функция: 0x06
  Адр: 0x1F 0x00
  Размер: 0x01 0x00
  CRC: 0x00
  Первые 16 байт: 55550112EFF50006001F00010000BA31
  ... и еще 237 байт

Пакет #29 [13:10:46.341]
HEX: 55551201F30500080000F50008
Длина: 13 байт
  Длина: 13 байт
  Маркер: 5555
  Адрес назначения: 0x12
  Адрес отправителя: 0x01
  Счетчик пакетов: 0xF3
  Длина пакетов: 0x05
  Функция: 0x08
  Адр: 0x00 0x00
  Размер: 0x00 0xF5
  CRC: 0x08
  Первые 13 байт: 55551201F30500080000F50008

Пакет #30 [13:10:46.524]
HEX: 55550112F3F50006001F00010000BB3101000000000000000000000000000000000000686C9F41000000003C1D133FC885A5410000C8420A57B44200000000000000000000000000000000FC59B33F6DC1F840F8EE47C3F8EE47C3E7B6194244D09941000000000000000044D09941000000000000000081EF373FCD9A61403B47384000000000000000000000000000000000000495220000952200000000000000000000ED0600000000000000000000000000000000000001000000000707030000000000000000000028EDE63E4F88B14000000000000000003BB0604498855F4401E031FB40E4E4783F302F793F8C1B793F0FA150001400000067
Длина: 253 байт
  Длина: 253 байт
  Маркер: 5555
  Адрес назначения: 0x01
  Адрес отправителя: 0x12
  Счетчик пакетов: 0xF3
  Длина пакетов: 0xF5
  Функция: 0x06
  Адр: 0x1F 0x00
  Размер: 0x01 0x00
  CRC: 0x00
  Первые 16 байт: 55550112F3F50006001F00010000BB31
  ... и еще 237 байт

Пакет #31 [13:10:46.535]
HEX: 55551201FA0500080000F5000F
Длина: 13 байт
  Длина: 13 байт
  Маркер: 5555
  Адрес назначения: 0x12
  Адрес отправителя: 0x01
  Счетчик пакетов: 0xFA
  Длина пакетов: 0x05
  Функция: 0x08
  Адр: 0x00 0x00
  Размер: 0x00 0xF5
  CRC: 0x0F
  Первые 13 байт: 55551201FA0500080000F5000F

Пакет #32 [13:10:46.713]
HEX: 55550112FAF50006001F00010000BB3101000000000000000000000000000000000000686C9F41000000003C1D133FC885A5410000C8420A57B44200000000000000000000000000000000FC59B33F6DC1F840F8EE47C3F8EE47C3E7B6194244D09941000000000000000044D09941000000000000000081EF373FCD9A61403B47384000000000000000000000000000000000000495220000952200000000000000000000ED0600000000000000000000000000000000000001000000000707030000000000000000000028EDE63E4F88B14000000000000000003BB0604498855F4401E031FB40E4E4783F302F793F8C1B793F0FA15000140000006E
Длина: 253 байт
  Длина: 253 байт
  Маркер: 5555
  Адрес назначения: 0x01
  Адрес отправителя: 0x12
  Счетчик пакетов: 0xFA
  Длина пакетов: 0xF5
  Функция: 0x06
  Адр: 0x1F 0x00
  Размер: 0x01 0x00
  CRC: 0x00
  Первые 16 байт: 55550112FAF50006001F00010000BB31
  ... и еще 237 байт

Пакет #33 [13:10:46.729]
HEX: 55551201000500080000F50015
Длина: 13 байт
  Длина: 13 байт
  Маркер: 5555
  Адрес назначения: 0x12
  Адрес отправителя: 0x01
  Счетчик пакетов: 0x00
  Длина пакетов: 0x05
  Функция: 0x08
  Адр: 0x00 0x00
  Размер: 0x00 0xF5
  CRC: 0x15
  Первые 13 байт: 55551201000500080000F50015

Пакет #34 [13:10:46.909]
HEX: 5555011200F50006001F00010000BB3101000000000000000000000000000000000000686C9F41000000003C1D133FC885A5410000C8420A57B44200000000000000000000000000000000FC59B33F6DC1F840F8EE47C3F8EE47C3E7B6194244D09941000000000000000044D09941000000000000000081EF373FCD9A61403B47384000000000000000000000000000000000000495220000952200000000000000000000ED0600000000000000000000000000000000000001000000000707030000000000000000000028EDE63E4F88B14000000000000000003BB0604498855F4401E031FB40E4E4783F302F793F8C1B793F0FA150001400000074
Длина: 253 байт
  Длина: 253 байт
  Маркер: 5555
  Адрес назначения: 0x01
  Адрес отправителя: 0x12
  Счетчик пакетов: 0x00
  Длина пакетов: 0xF5
  Функция: 0x06
  Адр: 0x1F 0x00
  Размер: 0x01 0x00
  CRC: 0x00
  Первые 16 байт: 5555011200F50006001F00010000BB31
  ... и еще 237 байт

Пакет #35 [13:10:46.920]
HEX: 55551201060500080000F5001B
Длина: 13 байт
  Длина: 13 байт
  Маркер: 5555
  Адрес назначения: 0x12
  Адрес отправителя: 0x01
  Счетчик пакетов: 0x06
  Длина пакетов: 0x05
  Функция: 0x08
  Адр: 0x00 0x00
  Размер: 0x00 0xF5
  CRC: 0x1B
  Первые 13 байт: 55551201060500080000F5001B

Пакет #36 [13:10:47.088]
HEX: 5555011206F50006001F00010000BB3101000000000000000000000000000000000000686C9F41000000003C1D133FC885A5410000C8420A57B44200000000000000000000000000000000FC59B33F6DC1F840F8EE47C3F8EE47C3E7B6194244D09941000000000000000044D09941000000000000000081EF373FCD9A61403B47384000000000000000000000000000000000000495220000952200000000000000000000ED0600000000000000000000000000000000000001000000000707030000000000000000000028EDE63E4F88B140000000000000000010E86044D6725F4401E031FB40E4E4783F302F793F8C1B793F0FA1500014000000B2
Длина: 253 байт
  Длина: 253 байт
  Маркер: 5555
  Адрес назначения: 0x01
  Адрес отправителя: 0x12
  Счетчик пакетов: 0x06
  Длина пакетов: 0xF5
  Функция: 0x06
  Адр: 0x1F 0x00
  Размер: 0x01 0x00
  CRC: 0x00
  Первые 16 байт: 5555011206F50006001F00010000BB31
  ... и еще 237 байт

Пакет #37 [13:10:47.105]
HEX: 555512010B0500080000F50020
Длина: 13 байт
  Длина: 13 байт
  Маркер: 5555
  Адрес назначения: 0x12
  Адрес отправителя: 0x01
  Счетчик пакетов: 0x0B
  Длина пакетов: 0x05
  Функция: 0x08
  Адр: 0x00 0x00
  Размер: 0x00 0xF5
  CRC: 0x20
  Первые 13 байт: 555512010B0500080000F50020

Пакет #38 [13:10:47.293]
HEX: 555501120BF50006001F00010000BB3101000000000000000000000000000000000000686C9F41000000003C1D133FC885A5410000C8420A57B44200000000000000000000000000000000FC59B33F6DC1F840F8EE47C3F8EE47C3E7B6194244D09941000000000000000044D09941000000000000000081EF373FCD9A61403B47384000000000000000000000000000000000000495220000952200000000000000000000ED0600000000000000000000000000000000000001000000000707030000000000000000000028EDE63E4F88B140000000000000000010E86044D6725F4401E031FB40E4E4783F302F793F8C1B793F0FA1500014000000B7
Длина: 253 байт
  Длина: 253 байт
  Маркер: 5555
  Адрес назначения: 0x01
  Адрес отправителя: 0x12
  Счетчик пакетов: 0x0B
  Длина пакетов: 0xF5
  Функция: 0x06
  Адр: 0x1F 0x00
  Размер: 0x01 0x00
  CRC: 0x00
  Первые 16 байт: 555501120BF50006001F00010000BB31
  ... и еще 237 байт

Пакет #39 [13:10:47.309]
HEX: 55551201110500080000F50026
Длина: 13 байт
  Длина: 13 байт
  Маркер: 5555
  Адрес назначения: 0x12
  Адрес отправителя: 0x01
  Счетчик пакетов: 0x11
  Длина пакетов: 0x05
  Функция: 0x08
  Адр: 0x00 0x00
  Размер: 0x00 0xF5
  CRC: 0x26
  Первые 13 байт: 55551201110500080000F50026

Пакет #40 [13:10:47.488]
HEX: 5555011211F50006001F00010000BC31010000000000000000000000000000000000001A6B9F41000000003C1D133FC885A5410000C8420A57B442000000000000000000000000000000000E67B33F6DC1F840F8EE47C3F8EE47C3E7B6194244CF9941000000000000000044CF99410000000000000000A2EE373FCD9A61403B47384000000000000000000000000000000000000494220000942200000000000000000000EC0600000000000000000000000000000000000001000000000707030000000000000000000011ECE63E607BB140000000000000000010E86044D6725F440194A7FB40E4E4783F022E793F8C1B793F10A150001400000092
Длина: 253 байт
  Длина: 253 байт
  Маркер: 5555
  Адрес назначения: 0x01
  Адрес отправителя: 0x12
  Счетчик пакетов: 0x11
  Длина пакетов: 0xF5
  Функция: 0x06
  Адр: 0x1F 0x00
  Размер: 0x01 0x00
  CRC: 0x00
  Первые 16 байт: 5555011211F50006001F00010000BC31
  ... и еще 237 байт

Пакет #41 [13:10:47.488]
HEX: 55551201180500080000F5002D
Длина: 13 байт
  Длина: 13 байт
  Маркер: 5555
  Адрес назначения: 0x12
  Адрес отправителя: 0x01
  Счетчик пакетов: 0x18
  Длина пакетов: 0x05
  Функция: 0x08
  Адр: 0x00 0x00
  Размер: 0x00 0xF5
  CRC: 0x2D
  Первые 13 байт: 55551201180500080000F5002D

Пакет #42 [13:10:47.665]
HEX: 5555011218F50006001F00010000BC31010000000000000000000000000000000000001A6B9F41000000003C1D133FC885A5410000C8420A57B442000000000000000000000000000000000E67B33F6DC1F840F8EE47C3F8EE47C3E7B6194244CF9941000000000000000044CF99410000000000000000A2EE373FCD9A61403B47384000000000000000000000000000000000000494220000942200000000000000000000EC0600000000000000000000000000000000000001000000000707030000000000000000000011ECE63E607BB14000000000000000003EEF6044116C5F440194A7FB40E4E4783F022E793F8C1B793F10A150001400000003
Длина: 253 байт
  Длина: 253 байт
  Маркер: 5555
  Адрес назначения: 0x01
  Адрес отправителя: 0x12
  Счетчик пакетов: 0x18
  Длина пакетов: 0xF5
  Функция: 0x06
  Адр: 0x1F 0x00
  Размер: 0x01 0x00
  CRC: 0x00
  Первые 16 байт: 5555011218F50006001F00010000BC31
  ... и еще 237 байт

Пакет #43 [13:10:47.681]
HEX: 555512011C0500080000F50031
Длина: 13 байт
  Длина: 13 байт
  Маркер: 5555
  Адрес назначения: 0x12
  Адрес отправителя: 0x01
  Счетчик пакетов: 0x1C
  Длина пакетов: 0x05
  Функция: 0x08
  Адр: 0x00 0x00
  Размер: 0x00 0xF5
  CRC: 0x31
  Первые 13 байт: 555512011C0500080000F50031

Пакет #44 [13:10:47.850]
HEX: 555501121CF50006001F00010000BC31010000000000000000000000000000000000001A6B9F41000000003C1D133FC885A5410000C8420A57B442000000000000000000000000000000000E67B33F18DDF840F8EE47C3F8EE47C357BB194244CF9941000000000000000044CF99410000000000000000A2EE373FE79A6140A748384000000000000000000000000000000000000494220000942200000000000000000000EC0600000000000000000000000000000000000001000000000707030000000000000000000011ECE63E607BB14000000000000000003EEF6044116C5F440194A7FB40F4E3783F022E793FA91B793F10A1500014000000F6
Длина: 253 байт
  Длина: 253 байт
  Маркер: 5555
  Адрес назначения: 0x01
  Адрес отправителя: 0x12
  Счетчик пакетов: 0x1C
  Длина пакетов: 0xF5
  Функция: 0x06
  Адр: 0x1F 0x00
  Размер: 0x01 0x00
  CRC: 0x00
  Первые 16 байт: 555501121CF50006001F00010000BC31
  ... и еще 237 байт

Пакет #45 [13:10:47.862]
HEX: 55551201240500080000F50039
Длина: 13 байт
  Длина: 13 байт
  Маркер: 5555
  Адрес назначения: 0x12
  Адрес отправителя: 0x01
  Счетчик пакетов: 0x24
  Длина пакетов: 0x05
  Функция: 0x08
  Адр: 0x00 0x00
  Размер: 0x00 0xF5
  CRC: 0x39
  Первые 13 байт: 55551201240500080000F50039

Пакет #46 [13:10:48.042]
HEX: 5555011224F50006001F00010000BC31010000000000000000000000000000000000001A6B9F41000000003C1D133FC885A5410000C8420A57B442000000000000000000000000000000000E67B33F18DDF840F8EE47C3F8EE47C357BB194244CF9941000000000000000044CF99410000000000000000A2EE373FE79A6140A748384000000000000000000000000000000000000494220000942200000000000000000000EC0600000000000000000000000000000000000001000000000707030000000000000000000011ECE63E607BB14000000000000000003EEF6044116C5F440194A7FB40F4E3783F022E793FA91B793F10A1500014000000FE
Длина: 253 байт
  Длина: 253 байт
  Маркер: 5555
  Адрес назначения: 0x01
  Адрес отправителя: 0x12
  Счетчик пакетов: 0x24
  Длина пакетов: 0xF5
  Функция: 0x06
  Адр: 0x1F 0x00
  Размер: 0x01 0x00
  CRC: 0x00
  Первые 16 байт: 5555011224F50006001F00010000BC31
  ... и еще 237 байт

Пакет #47 [13:10:48.053]
HEX: 55551201290500080000F5003E
Длина: 13 байт
  Длина: 13 байт
  Маркер: 5555
  Адрес назначения: 0x12
  Адрес отправителя: 0x01
  Счетчик пакетов: 0x29
  Длина пакетов: 0x05
  Функция: 0x08
  Адр: 0x00 0x00
  Размер: 0x00 0xF5
  CRC: 0x3E
  Первые 13 байт: 55551201290500080000F5003E

Пакет #48 [13:10:48.238]
HEX: 5555011229F50006001F00010000BC31010000000000000000000000000000000000001A6B9F41000000003C1D133FC885A5410000C8420A57B442000000000000000000000000000000000E67B33F18DDF840F8EE47C3F8EE47C357BB194244CF9941000000000000000044CF99410000000000000000A2EE373FE79A6140A748384000000000000000000000000000000000000494220000942200000000000000000000EC0600000000000000000000000000000000000001000000000707030000000000000000000011ECE63E607BB1400000000000000000C49E6044116C5F440194A7FB40F4E3783F022E793FA91B793F10A150001400000038
Длина: 253 байт
  Длина: 253 байт
  Маркер: 5555
  Адрес назначения: 0x01
  Адрес отправителя: 0x12
  Счетчик пакетов: 0x29
  Длина пакетов: 0xF5
  Функция: 0x06
  Адр: 0x1F 0x00
  Размер: 0x01 0x00
  CRC: 0x00
  Первые 16 байт: 5555011229F50006001F00010000BC31
  ... и еще 237 байт

Пакет #49 [13:10:48.249]
HEX: 555512012D0500080000F50042
Длина: 13 байт
  Длина: 13 байт
  Маркер: 5555
  Адрес назначения: 0x12
  Адрес отправителя: 0x01
  Счетчик пакетов: 0x2D
  Длина пакетов: 0x05
  Функция: 0x08
  Адр: 0x00 0x00
  Размер: 0x00 0xF5
  CRC: 0x42
  Первые 13 байт: 555512012D0500080000F50042

Пакет #50 [13:10:48.421]
HEX: 555501122DF50006001F00010000BD31010000000000000000000000000000000000001A6B9F4100000000F034133F206BA5410000C8420A57B442000000000000000000000000000000000E67B33F18DDF840F8EE47C3F8EE47C357BB194244CF9941000000000000000044CF99410000000000000000A2EE373FE79A6140A748384000000000000000000000000000000000000493220000932200000000000000000000EB0600000000000000000000000000000000000001000000000707030000000000000000000011ECE63E607BB1400000000000000000C49E60444F775F4401F42FFB40F4E3783F022E793FA91B793F11A150001400000075
Длина: 253 байт
  Длина: 253 байт
  Маркер: 5555
  Адрес назначения: 0x01
  Адрес отправителя: 0x12
  Счетчик пакетов: 0x2D
  Длина пакетов: 0xF5
  Функция: 0x06
  Адр: 0x1F 0x00
  Размер: 0x01 0x00
  CRC: 0x00
  Первые 16 байт: 555501122DF50006001F00010000BD31
  ... и еще 237 байт

Пакет #51 [13:10:48.437]
HEX: 55551201350500080000F5004A
Длина: 13 байт
  Длина: 13 байт
  Маркер: 5555
  Адрес назначения: 0x12
  Адрес отправителя: 0x01
  Счетчик пакетов: 0x35
  Длина пакетов: 0x05
  Функция: 0x08
  Адр: 0x00 0x00
  Размер: 0x00 0xF5
  CRC: 0x4A
  Первые 13 байт: 55551201350500080000F5004A

Пакет #52 [13:10:48.601]
HEX: 5555011235F50006001F00010000BD31010000000000000000000000000000000000001A6B9F4100000000F034133F206BA5410000C8420A57B442000000000000000000000000000000000E67B33F18DDF840F8EE47C3F8EE47C357BB194244CF9941000000000000000044CF99410000000000000000A2EE373FE79A6140A748384000000000000000000000000000000000000493220000932200000000000000000000EB0600000000000000000000000000000000000001000000000707030000000000000000000011ECE63E607BB1400000000000000000C49E60444F775F4401F42FFB40F4E3783F022E793FA91B793F11A15000140000007D
Длина: 253 байт
  Длина: 253 байт
  Маркер: 5555
  Адрес назначения: 0x01
  Адрес отправителя: 0x12
  Счетчик пакетов: 0x35
  Длина пакетов: 0xF5
  Функция: 0x06
  Адр: 0x1F 0x00
  Размер: 0x01 0x00
  CRC: 0x00
  Первые 16 байт: 5555011235F50006001F00010000BD31
  ... и еще 237 байт

Пакет #53 [13:10:48.618]
HEX: 555512013A0500080000F5004F
Длина: 13 байт
  Длина: 13 байт
  Маркер: 5555
  Адрес назначения: 0x12
  Адрес отправителя: 0x01
  Счетчик пакетов: 0x3A
  Длина пакетов: 0x05
  Функция: 0x08
  Адр: 0x00 0x00
  Размер: 0x00 0xF5
  CRC: 0x4F
  Первые 13 байт: 555512013A0500080000F5004F

Пакет #54 [13:10:48.785]
HEX: 555501123AF50006001F00010000BD31010000000000000000000000000000000000001A6B9F4100000000F034133F206BA5410000C8420A57B442000000000000000000000000000000000E67B33F18DDF840F8EE47C3F8EE47C357BB194244CF9941000000000000000044CF99410000000000000000A2EE373FE79A6140A748384000000000000000000000000000000000000493220000932200000000000000000000EB0600000000000000000000000000000000000001000000000707030000000000000000000011ECE63E607BB14000000000000000009CA660444F775F4401F42FFB40F4E3783F022E793FA91B793F11A150001400000062
Длина: 253 байт
  Длина: 253 байт
  Маркер: 5555
  Адрес назначения: 0x01
  Адрес отправителя: 0x12
  Счетчик пакетов: 0x3A
  Длина пакетов: 0xF5
  Функция: 0x06
  Адр: 0x1F 0x00
  Размер: 0x01 0x00
  CRC: 0x00
  Первые 16 байт: 555501123AF50006001F00010000BD31
  ... и еще 237 байт

Пакет #55 [13:10:48.801]
HEX: 555512013F0500080000F50054
Длина: 13 байт
  Длина: 13 байт
  Маркер: 5555
  Адрес назначения: 0x12
  Адрес отправителя: 0x01
  Счетчик пакетов: 0x3F
  Длина пакетов: 0x05
  Функция: 0x08
  Адр: 0x00 0x00
  Размер: 0x00 0xF5
  CRC: 0x54
  Первые 13 байт: 555512013F0500080000F50054

Пакет #56 [13:10:48.990]
HEX: 555501123FF50006001F00010000BD31010000000000000000000000000000000000001A6B9F4100000000F034133F206BA5410000C8420A57B442000000000000000000000000000000000E67B33F18DDF840F8EE47C3F8EE47C357BB194244CF9941000000000000000044CF99410000000000000000A2EE373FE79A6140A748384000000000000000000000000000000000000493220000932200000000000000000000EB0600000000000000000000000000000000000001000000000707030000000000000000000011ECE63E607BB14000000000000000009CA660444F775F4401F42FFB40F4E3783F022E793FA91B793F11A150001400000067
Длина: 253 байт
  Длина: 253 байт
  Маркер: 5555
  Адрес назначения: 0x01
  Адрес отправителя: 0x12
  Счетчик пакетов: 0x3F
  Длина пакетов: 0xF5
  Функция: 0x06
  Адр: 0x1F 0x00
  Размер: 0x01 0x00
  CRC: 0x00
  Первые 16 байт: 555501123FF50006001F00010000BD31
  ... и еще 237 байт

Пакет #57 [13:10:49.006]
HEX: 55551201460500080000F5005B
Длина: 13 байт
  Длина: 13 байт
  Маркер: 5555
  Адрес назначения: 0x12
  Адрес отправителя: 0x01
  Счетчик пакетов: 0x46
  Длина пакетов: 0x05
  Функция: 0x08
  Адр: 0x00 0x00
  Размер: 0x00 0xF5
  CRC: 0x5B
  Первые 13 байт: 55551201460500080000F5005B

Пакет #58 [13:10:49.172]
HEX: 5555011246F50006001F00010000BD31010000000000000000000000000000000000001A6B9F4100000000F034133F206BA5410000C8420A57B442000000000000000000000000000000000E67B33F18DDF840F8EE47C3F8EE47C357BB194244CF9941000000000000000044CF99410000000000000000A2EE373FE79A6140A748384000000000000000000000000000000000000493220000932200000000000000000000EB0600000000000000000000000000000000000001000000000707030000000000000000000011ECE63E607BB14000000000000000009CA660445A755F4401F42FFB40F4E3783F022E793FA91B793F11A150001400000077
Длина: 253 байт
  Длина: 253 байт
  Маркер: 5555
  Адрес назначения: 0x01
  Адрес отправителя: 0x12
  Счетчик пакетов: 0x46
  Длина пакетов: 0xF5
  Функция: 0x06
  Адр: 0x1F 0x00
  Размер: 0x01 0x00
  CRC: 0x00
  Первые 16 байт: 5555011246F50006001F00010000BD31
  ... и еще 237 байт

Пакет #59 [13:10:49.193]
HEX: 555512014B0500080000F50060
Длина: 13 байт
  Длина: 13 байт
  Маркер: 5555
  Адрес назначения: 0x12
  Адрес отправителя: 0x01
  Счетчик пакетов: 0x4B
  Длина пакетов: 0x05
  Функция: 0x08
  Адр: 0x00 0x00
  Размер: 0x00 0xF5
  CRC: 0x60
  Первые 13 байт: 555512014B0500080000F50060

Пакет #60 [13:10:49.369]
HEX: 555501124BF50006001F00010000BD31010000000000000000000000000000000000001A6B9F4100000000F034133F206BA5410000C8420A57B442000000000000000000000000000000000E67B33F18DDF840F8EE47C3F8EE47C357BB194244CF9941000000000000000044CF99410000000000000000A2EE373F4B9C6140084A384000000000000000000000000000000000000493220000932200000000000000000000EB0600000000000000000000000000000000000001000000000707030000000000000000000011ECE63E607BB140000000000000000099AB60445A755F4401F42FFB40F4E3783F022E793FB81B793F11A150001400000056
Длина: 253 байт
  Длина: 253 байт
  Маркер: 5555
  Адрес назначения: 0x01
  Адрес отправителя: 0x12
  Счетчик пакетов: 0x4B
  Длина пакетов: 0xF5
  Функция: 0x06
  Адр: 0x1F 0x00
  Размер: 0x01 0x00
  CRC: 0x00
  Первые 16 байт: 555501124BF50006001F00010000BD31
  ... и еще 237 байт

Пакет #61 [13:10:49.380]
HEX: 55551201520500080000F50067
Длина: 13 байт
  Длина: 13 байт
  Маркер: 5555
  Адрес назначения: 0x12
  Адрес отправителя: 0x01
  Счетчик пакетов: 0x52
  Длина пакетов: 0x05
  Функция: 0x08
  Адр: 0x00 0x00
  Размер: 0x00 0xF5
  CRC: 0x67
  Первые 13 байт: 55551201520500080000F50067

Пакет #62 [13:10:49.565]
HEX: 5555011252F50006001F00010000BE31010000000000000000000000000000000000001A6B9F4100000000F034133F206BA5410000C8420A57B442000000000000000000000000000000000E67B33F18DDF840F8EE47C3F8EE47C357BB194244CF9941000000000000000044CF99410000000000000000A2EE373F4B9C6140084A384000000000000000000000000000000000000492220000922200000000000000000000EA0600000000000000000000000000000000000001000000000707030000000000000000000011ECE63E607BB140000000000000000099AB60445A755F44018375FB40F4E3783F022E793FB81B793F12A150001400000031
Длина: 253 байт
  Длина: 253 байт
  Маркер: 5555
  Адрес назначения: 0x01
  Адрес отправителя: 0x12
  Счетчик пакетов: 0x52
  Длина пакетов: 0xF5
  Функция: 0x06
  Адр: 0x1F 0x00
  Размер: 0x01 0x00
  CRC: 0x00
  Первые 16 байт: 5555011252F50006001F00010000BE31
  ... и еще 237 байт

Пакет #63 [13:10:49.581]
HEX: 55551201570500080000F5006C
Длина: 13 байт
  Длина: 13 байт
  Маркер: 5555
  Адрес назначения: 0x12
  Адрес отправителя: 0x01
  Счетчик пакетов: 0x57
  Длина пакетов: 0x05
  Функция: 0x08
  Адр: 0x00 0x00
  Размер: 0x00 0xF5
  CRC: 0x6C
  Первые 13 байт: 55551201570500080000F5006C

Пакет #64 [13:10:49.752]
HEX: 5555011257F50006001F00010000BE31010000000000000000000000000000000000001A6B9F4100000000F034133F206BA5410000C8420A57B442000000000000000000000000000000000E67B33F18DDF840F8EE47C3F8EE47C357BB194244CF9941000000000000000044CF99410000000000000000A2EE373F4B9C6140084A384000000000000000000000000000000000000492220000922200000000000000000000EA0600000000000000000000000000000000000001000000000707030000000000000000000011ECE63E607BB140000000000000000099AB604491845F44018375FB40F4E3783F022E793FB81B793F12A15000140000007C
Длина: 253 байт
  Длина: 253 байт
  Маркер: 5555
  Адрес назначения: 0x01
  Адрес отправителя: 0x12
  Счетчик пакетов: 0x57
  Длина пакетов: 0xF5
  Функция: 0x06
  Адр: 0x1F 0x00
  Размер: 0x01 0x00
  CRC: 0x00
  Первые 16 байт: 5555011257F50006001F00010000BE31
  ... и еще 237 байт

Пакет #65 [13:10:49.763]
HEX: 555512015D0500080000F50072
Длина: 13 байт
  Длина: 13 байт
  Маркер: 5555
  Адрес назначения: 0x12
  Адрес отправителя: 0x01
  Счетчик пакетов: 0x5D
  Длина пакетов: 0x05
  Функция: 0x08
  Адр: 0x00 0x00
  Размер: 0x00 0xF5
  CRC: 0x72
  Первые 13 байт: 555512015D0500080000F50072

Пакет #66 [13:10:49.936]
HEX: 555501125DF50006001F00010000BE31010000000000000000000000000000000000007E6B9F4100000000F034133F206BA5410000C8420A57B4420000000000000000000000000000000067B4B33F18DDF840F8EE47C3F8EE47C357BB194291CF9941000000000000000091CF99410000000000000000E5EE373F4B9C6140084A384000000000000000000000000000000000000492220000922200000000000000000000EA0600000000000000000000000000000000000001000000000707030000000000000000000065ECE63EB142B140000000000000000057BB604491845F44018375FB40F4E3783F5D2E793FB81B793F12A1500014000000FE
Длина: 253 байт
  Длина: 253 байт
  Маркер: 5555
  Адрес назначения: 0x01
  Адрес отправителя: 0x12
  Счетчик пакетов: 0x5D
  Длина пакетов: 0xF5
  Функция: 0x06
  Адр: 0x1F 0x00
  Размер: 0x01 0x00
  CRC: 0x00
  Первые 16 байт: 555501125DF50006001F00010000BE31
  ... и еще 237 байт

Пакет #67 [13:10:49.952]
HEX: 55551201630500080000F50078
Длина: 13 байт
  Длина: 13 байт
  Маркер: 5555
  Адрес назначения: 0x12
  Адрес отправителя: 0x01
  Счетчик пакетов: 0x63
  Длина пакетов: 0x05
  Функция: 0x08
  Адр: 0x00 0x00
  Размер: 0x00 0xF5
  CRC: 0x78
  Первые 13 байт: 55551201630500080000F50078

Пакет #68 [13:10:50.119]
HEX: 5555011263F50006001F00010000BE31010000000000000000000000000000000000007E6B9F4100000000F034133F206BA5410000C8420A57B4420000000000000000000000000000000067B4B33F18DDF840F8EE47C3F8EE47C357BB194291CF9941000000000000000091CF99410000000000000000E5EE373F4B9C6140084A384000000000000000000000000000000000000492220000922200000000000000000000EA0600000000000000000000000000000000000001000000000707030000000000000000000065ECE63EB142B140000000000000000057BB604491845F44018375FB40F4E3783F5D2E793FB81B793F12A150001400000004
Длина: 253 байт
  Длина: 253 байт
  Маркер: 5555
  Адрес назначения: 0x01
  Адрес отправителя: 0x12
  Счетчик пакетов: 0x63
  Длина пакетов: 0xF5
  Функция: 0x06
  Адр: 0x1F 0x00
  Размер: 0x01 0x00
  CRC: 0x00
  Первые 16 байт: 5555011263F50006001F00010000BE31
  ... и еще 237 байт

Пакет #69 [13:10:50.140]
HEX: 55551201680500080000F5007D
Длина: 13 байт
  Длина: 13 байт
  Маркер: 5555
  Адрес назначения: 0x12
  Адрес отправителя: 0x01
  Счетчик пакетов: 0x68
  Длина пакетов: 0x05
  Функция: 0x08
  Адр: 0x00 0x00
  Размер: 0x00 0xF5
  CRC: 0x7D
  Первые 13 байт: 55551201680500080000F5007D

Пакет #70 [13:10:50.311]
HEX: 5555011268F50006001F00010000BE31010000000000000000000000000000000000007E6B9F4100000000F034133F206BA5410000C8420A57B4420000000000000000000000000000000067B4B33F18DDF840F8EE47C3F8EE47C357BB194291CF9941000000000000000091CF99410000000000000000E5EE373F4B9C6140084A384000000000000000000000000000000000000492220000922200000000000000000000EA0600000000000000000000000000000000000001000000000707030000000000000000000065ECE63EB142B140000000000000000057BB604491845F44018375FB40F4E3783F5D2E793FB81B793F12A150001400000009
Длина: 253 байт
  Длина: 253 байт
  Маркер: 5555
  Адрес назначения: 0x01
  Адрес отправителя: 0x12
  Счетчик пакетов: 0x68
  Длина пакетов: 0xF5
  Функция: 0x06
  Адр: 0x1F 0x00
  Размер: 0x01 0x00
  CRC: 0x00
  Первые 16 байт: 5555011268F50006001F00010000BE31
  ... и еще 237 байт

Пакет #71 [13:10:50.322]
HEX: 555512016F0500080000F50084
Длина: 13 байт
  Длина: 13 байт
  Маркер: 5555
  Адрес назначения: 0x12
  Адрес отправителя: 0x01
  Счетчик пакетов: 0x6F
  Длина пакетов: 0x05
  Функция: 0x08
  Адр: 0x00 0x00
  Размер: 0x00 0xF5
  CRC: 0x84
  Первые 13 байт: 555512016F0500080000F50084

Пакет #72 [13:10:50.507]
HEX: 555501126FF50006001F00010000BF31010000000000000000000000000000000000007E6B9F4100000000D72D133F1B73A5410000C8420A57B4420000000000000000000000000000000067B4B33F6C33F940F8EE47C3F8EE47C39FB6194291CF9941000000000000000091CF99410000000000000000E5EE373F4B9C6140084A384000000000000000000000000000000000000491220000912200000000000000000000E90600000000000000000000000000000000000001000000000707030000000000000000000065ECE63EB142B140000000000000000008CE604404655F44012B94FB406EE4783F5D2E793FB81B793F13A15000140000003A
Длина: 253 байт
  Длина: 253 байт
  Маркер: 5555
  Адрес назначения: 0x01
  Адрес отправителя: 0x12
  Счетчик пакетов: 0x6F
  Длина пакетов: 0xF5
  Функция: 0x06
  Адр: 0x1F 0x00
  Размер: 0x01 0x00
  CRC: 0x00
  Первые 16 байт: 555501126FF50006001F00010000BF31
  ... и еще 237 байт

Пакет #73 [13:10:50.517]
HEX: 55551201750500080000F5008A
Длина: 13 байт
  Длина: 13 байт
  Маркер: 5555
  Адрес назначения: 0x12
  Адрес отправителя: 0x01
  Счетчик пакетов: 0x75
  Длина пакетов: 0x05
  Функция: 0x08
  Адр: 0x00 0x00
  Размер: 0x00 0xF5
  CRC: 0x8A
  Первые 13 байт: 55551201750500080000F5008A

Пакет #74 [13:10:50.690]
HEX: 5555011275F50006001F00010000BF31010000000000000000000000000000000000007E6B9F4100000000D72D133F1B73A5410000C8420A57B4420000000000000000000000000000000067B4B33F6C33F940F8EE47C3F8EE47C39FB6194291CF9941000000000000000091CF99410000000000000000E5EE373F4B9C6140084A384000000000000000000000000000000000000491220000912200000000000000000000E90600000000000000000000000000000000000001000000000707030000000000000000000065ECE63EB142B140000000000000000008CE604404655F44012B94FB406EE4783F5D2E793FB81B793F13A150001400000040
Длина: 253 байт
  Длина: 253 байт
  Маркер: 5555
  Адрес назначения: 0x01
  Адрес отправителя: 0x12
  Счетчик пакетов: 0x75
  Длина пакетов: 0xF5
  Функция: 0x06
  Адр: 0x1F 0x00
  Размер: 0x01 0x00
  CRC: 0x00
  Первые 16 байт: 5555011275F50006001F00010000BF31
  ... и еще 237 байт

Пакет #75 [13:10:50.712]
HEX: 55551201790500080000F5008E
Длина: 13 байт
  Длина: 13 байт
  Маркер: 5555
  Адрес назначения: 0x12
  Адрес отправителя: 0x01
  Счетчик пакетов: 0x79
  Длина пакетов: 0x05
  Функция: 0x08
  Адр: 0x00 0x00
  Размер: 0x00 0xF5
  CRC: 0x8E
  Первые 13 байт: 55551201790500080000F5008E

Пакет #76 [13:10:50.883]
HEX: 5555011279F50006001F00010000BF31010000000000000000000000000000000000007E6B9F4100000000D72D133F1B73A5410000C8420A57B4420000000000000000000000000000000067B4B33F6C33F940F8EE47C3F8EE47C39FB6194291CF9941000000000000000091CF99410000000000000000E5EE373F529C61400D4A384000000000000000000000000000000000000491220000912200000000000000000000E90600000000000000000000000000000000000001000000000707030000000000000000000065ECE63EB142B140000000000000000008CE604404655F44012B94FB406EE4783F5D2E793FBF1B793F13A150001400000057
Длина: 253 байт
  Длина: 253 байт
  Маркер: 5555
  Адрес назначения: 0x01
  Адрес отправителя: 0x12
  Счетчик пакетов: 0x79
  Длина пакетов: 0xF5
  Функция: 0x06
  Адр: 0x1F 0x00
  Размер: 0x01 0x00
  CRC: 0x00
  Первые 16 байт: 5555011279F50006001F00010000BF31
  ... и еще 237 байт

Пакет #77 [13:10:50.899]
HEX: 55551201800500080000F50095
Длина: 13 байт
  Длина: 13 байт
  Маркер: 5555
  Адрес назначения: 0x12
  Адрес отправителя: 0x01
  Счетчик пакетов: 0x80
  Длина пакетов: 0x05
  Функция: 0x08
  Адр: 0x00 0x00
  Размер: 0x00 0xF5
  CRC: 0x95
  Первые 13 байт: 55551201800500080000F50095

Пакет #78 [13:10:51.080]
HEX: 5555011280F50006001F00010000BF31010000000000000000000000000000000000007E6B9F4100000000D72D133F1B73A5410000C8420A57B4420000000000000000000000000000000067B4B33F6C33F940F8EE47C3F8EE47C39FB6194291CF9941000000000000000091CF99410000000000000000E5EE373F529C61400D4A384000000000000000000000000000000000000491220000912200000000000000000000E90600000000000000000000000000000000000001000000000707030000000000000000000065ECE63EB142B14000000000000000005095604404655F44012B94FB406EE4783F5D2E793FBF1B793F13A15000140000006D
Длина: 253 байт
  Длина: 253 байт
  Маркер: 5555
  Адрес назначения: 0x01
  Адрес отправителя: 0x12
  Счетчик пакетов: 0x80
  Длина пакетов: 0xF5
  Функция: 0x06
  Адр: 0x1F 0x00
  Размер: 0x01 0x00
  CRC: 0x00
  Первые 16 байт: 5555011280F50006001F00010000BF31
  ... и еще 237 байт

Пакет #79 [13:10:51.091]
HEX: 55551201860500080000F5009B
Длина: 13 байт
  Длина: 13 байт
  Маркер: 5555
  Адрес назначения: 0x12
  Адрес отправителя: 0x01
  Счетчик пакетов: 0x86
  Длина пакетов: 0x05
  Функция: 0x08
  Адр: 0x00 0x00
  Размер: 0x00 0xF5
  CRC: 0x9B
  Первые 13 байт: 55551201860500080000F5009B

Пакет #80 [13:10:51.272]
HEX: 5555011286F50006001F00010000BF31010000000000000000000000000000000000007E6B9F4100000000D72D133F1B73A5410000C8420A57B4420000000000000000000000000000000067B4B33F6C33F940F8EE47C3F8EE47C39FB6194291CF9941000000000000000091CF99410000000000000000E5EE373F529C61400D4A384000000000000000000000000000000000000491220000912200000000000000000000E90600000000000000000000000000000000000001000000000707030000000000000000000065ECE63EB142B1400000000000000000509560442CA15F44012B94FB406EE4783F5D2E793FBF1B793F13A1500014000000D7
Длина: 253 байт
  Длина: 253 байт
  Маркер: 5555
  Адрес назначения: 0x01
  Адрес отправителя: 0x12
  Счетчик пакетов: 0x86
  Длина пакетов: 0xF5
  Функция: 0x06
  Адр: 0x1F 0x00
  Размер: 0x01 0x00
  CRC: 0x00
  Первые 16 байт: 5555011286F50006001F00010000BF31
  ... и еще 237 байт

Пакет #81 [13:10:51.283]
HEX: 555512018C0500080000F500A1
Длина: 13 байт
  Длина: 13 байт
  Маркер: 5555
  Адрес назначения: 0x12
  Адрес отправителя: 0x01
  Счетчик пакетов: 0x8C
  Длина пакетов: 0x05
  Функция: 0x08
  Адр: 0x00 0x00
  Размер: 0x00 0xF5
  CRC: 0xA1
  Первые 13 байт: 555512018C0500080000F500A1

Пакет #82 [13:10:51.458]
HEX: 555501128CF50006001F00010000C031010000000000000000000000000000000000007E6B9F4100000000D72D133F1B73A5410000C8420A57B4420000000000000000000000000000000067B4B33F6C33F940F8EE47C3F8EE47C39FB6194291CF9941000000000000000091CF99410000000000000000E5EE373F529C61400D4A384000000000000000000000000000000000000490220000902200000000000000000000E80600000000000000000000000000000000000001000000000707030000000000000000000065ECE63EB142B1400000000000000000509560442CA15F4401A9E5FA406EE4783F5D2E793FBF1B793F14A1500014000000AA
Длина: 253 байт
  Длина: 253 байт
  Маркер: 5555
  Адрес назначения: 0x01
  Адрес отправителя: 0x12
  Счетчик пакетов: 0x8C
  Длина пакетов: 0xF5
  Функция: 0x06
  Адр: 0x1F 0x00
  Размер: 0x01 0x00
  CRC: 0x00
  Первые 16 байт: 555501128CF50006001F00010000C031
  ... и еще 237 байт

Пакет #83 [13:10:51.475]
HEX: 55551201910500080000F500A6
Длина: 13 байт
  Длина: 13 байт
  Маркер: 5555
  Адрес назначения: 0x12
  Адрес отправителя: 0x01
  Счетчик пакетов: 0x91
  Длина пакетов: 0x05
  Функция: 0x08
  Адр: 0x00 0x00
  Размер: 0x00 0xF5
  CRC: 0xA6
  Первые 13 байт: 55551201910500080000F500A6

Пакет #84 [13:10:51.650]
HEX: 5555011291F50006001F00010000C031010000000000000000000000000000000000007E6B9F4100000000D72D133F1B73A5410000C8420A57B4420000000000000000000000000000000067B4B33F6C33F940F8EE47C3F8EE47C39FB6194291CF9941000000000000000091CF99410000000000000000E5EE373F529C61400D4A384000000000000000000000000000000000000490220000902200000000000000000000E80600000000000000000000000000000000000001000000000707030000000000000000000065ECE63EB142B14000000000000000007FBF60442CA15F4401A9E5FA406EE4783F5D2E793FBF1B793F14A150001400000008
Длина: 253 байт
  Длина: 253 байт
  Маркер: 5555
  Адрес назначения: 0x01
  Адрес отправителя: 0x12
  Счетчик пакетов: 0x91
  Длина пакетов: 0xF5
  Функция: 0x06
  Адр: 0x1F 0x00
  Размер: 0x01 0x00
  CRC: 0x00
  Первые 16 байт: 5555011291F50006001F00010000C031
  ... и еще 237 байт

Пакет #85 [13:10:51.672]
HEX: 55551201970500080000F500AC
Длина: 13 байт
  Длина: 13 байт
  Маркер: 5555
  Адрес назначения: 0x12
  Адрес отправителя: 0x01
  Счетчик пакетов: 0x97
  Длина пакетов: 0x05
  Функция: 0x08
  Адр: 0x00 0x00
  Размер: 0x00 0xF5
  CRC: 0xAC
  Первые 13 байт: 55551201970500080000F500AC

Пакет #86 [13:10:51.842]
HEX: 5555011297F50006001F00010000C031010000000000000000000000000000000000007E6B9F4100000000D72D133F1B73A5410000C8420A57B4420000000000000000000000000000000067B4B33F6C33F940F8EE47C3F8EE47C39FB6194291CF9941000000000000000091CF99410000000000000000E5EE373F529C61400D4A384000000000000000000000000000000000000490220000902200000000000000000000E80600000000000000000000000000000000000001000000000707030000000000000000000065ECE63EB142B14000000000000000007FBF60449C5E5F4401A9E5FA406EE4783F5D2E793FBF1B793F14A15000140000003B
Длина: 253 байт
  Длина: 253 байт
  Маркер: 5555
  Адрес назначения: 0x01
  Адрес отправителя: 0x12
  Счетчик пакетов: 0x97
  Длина пакетов: 0xF5
  Функция: 0x06
  Адр: 0x1F 0x00
  Размер: 0x01 0x00
  CRC: 0x00
  Первые 16 байт: 5555011297F50006001F00010000C031
  ... и еще 237 байт

Пакет #87 [13:10:51.859]
HEX: 555512019E0500080000F500B3
Длина: 13 байт
  Длина: 13 байт
  Маркер: 5555
  Адрес назначения: 0x12
  Адрес отправителя: 0x01
  Счетчик пакетов: 0x9E
  Длина пакетов: 0x05
  Функция: 0x08
  Адр: 0x00 0x00
  Размер: 0x00 0xF5
  CRC: 0xB3
  Первые 13 байт: 555512019E0500080000F500B3

Пакет #88 [13:10:52.041]
HEX: 555501129EF50006001F00010000C031010000000000000000000000000000000000007E6B9F4100000000D72D133F1B73A5410000C8420A57B4420000000000000000000000000000000067B4B33F6C33F940F8EE47C3F8EE47C39FB6194291CF9941000000000000000091CF99410000000000000000E5EE373F529C61400D4A384000000000000000000000000000000000000490220000902200000000000000000000E80600000000000000000000000000000000000001000000000707030000000000000000000065ECE63EB142B14000000000000000007FBF60449C5E5F4401A9E5FA406EE4783F5D2E793FBF1B793F14A150001400000042
Длина: 253 байт
  Длина: 253 байт
  Маркер: 5555
  Адрес назначения: 0x01
  Адрес отправителя: 0x12
  Счетчик пакетов: 0x9E
  Длина пакетов: 0xF5
  Функция: 0x06
  Адр: 0x1F 0x00
  Размер: 0x01 0x00
  CRC: 0x00
  Первые 16 байт: 555501129EF50006001F00010000C031
  ... и еще 237 байт

Пакет #89 [13:10:52.052]
HEX: 55551201A20500080000F500B7
Длина: 13 байт
  Длина: 13 байт
  Маркер: 5555
  Адрес назначения: 0x12
  Адрес отправителя: 0x01
  Счетчик пакетов: 0xA2
  Длина пакетов: 0x05
  Функция: 0x08
  Адр: 0x00 0x00
  Размер: 0x00 0xF5
  CRC: 0xB7
  Первые 13 байт: 55551201A20500080000F500B7

Пакет #90 [13:10:52.230]
HEX: 55550112A2F50006001F00010000C031010000000000000000000000000000000000007E6B9F4100000000D72D133F1B73A5410000C8420A57B4420000000000000000000000000000000067B4B33F6C33F940F8EE47C3F8EE47C39FB6194291CF9941000000000000000091CF99410000000000000000E5EE373F529C61400D4A384000000000000000000000000000000000000490220000902200000000000000000000E80600000000000000000000000000000000000001000000000707030000000000000000000065ECE63EB142B1400000000000000000C9B960449C5E5F4401A9E5FA406EE4783F5D2E793FBF1B793F14A15000140000008A
Длина: 253 байт
  Длина: 253 байт
  Маркер: 5555
  Адрес назначения: 0x01
  Адрес отправителя: 0x12
  Счетчик пакетов: 0xA2
  Длина пакетов: 0xF5
  Функция: 0x06
  Адр: 0x1F 0x00
  Размер: 0x01 0x00
  CRC: 0x00
  Первые 16 байт: 55550112A2F50006001F00010000C031
  ... и еще 237 байт

Пакет #91 [13:10:52.241]
HEX: 55551201A90500080000F500BE
Длина: 13 байт
  Длина: 13 байт
  Маркер: 5555
  Адрес назначения: 0x12
  Адрес отправителя: 0x01
  Счетчик пакетов: 0xA9
  Длина пакетов: 0x05
  Функция: 0x08
  Адр: 0x00 0x00
  Размер: 0x00 0xF5
  CRC: 0xBE
  Первые 13 байт: 55551201A90500080000F500BE

Пакет #92 [13:10:52.409]
HEX: 55550112A9F50006001F00010000C13101000000000000000000000000000000000000E1669F4100000000AA81133F1515A5410000C8420A57B442000000000000000000000000000000000C9EB33F6C33F940F8EE47C3F8EE47C39FB619420ACC994100000000000000000ACC99410000000000000000D1EB373F889E6140C44A38400000000000000000000000000000000000048F2200008F2200000000000000000000E70600000000000000000000000000000000000001000000000707030000000000000000000023E6E63E4696B1400000000000000000C9B960449C5E5F440124EBFB406EE4783F8B2E793FB61C793F15A15000140000004D
Длина: 253 байт
  Длина: 253 байт
  Маркер: 5555
  Адрес назначения: 0x01
  Адрес отправителя: 0x12
  Счетчик пакетов: 0xA9
  Длина пакетов: 0xF5
  Функция: 0x06
  Адр: 0x1F 0x00
  Размер: 0x01 0x00
  CRC: 0x00
  Первые 16 байт: 55550112A9F50006001F00010000C131
  ... и еще 237 байт

Пакет #93 [13:10:52.430]
HEX: 55551201AF0500080000F500C4
Длина: 13 байт
  Длина: 13 байт
  Маркер: 5555
  Адрес назначения: 0x12
  Адрес отправителя: 0x01
  Счетчик пакетов: 0xAF
  Длина пакетов: 0x05
  Функция: 0x08
  Адр: 0x00 0x00
  Размер: 0x00 0xF5
  CRC: 0xC4
  Первые 13 байт: 55551201AF0500080000F500C4

Пакет #94 [13:10:52.601]
HEX: 55550112AFF50006001F00010000C13101000000000000000000000000000000000000E1669F4100000000AA81133F1515A5410000C8420A57B442000000000000000000000000000000000C9EB33F6C33F940F8EE47C3F8EE47C39FB619420ACC994100000000000000000ACC99410000000000000000D1EB373F889E6140C44A38400000000000000000000000000000000000048F2200008F2200000000000000000000E70600000000000000000000000000000000000001000000000707030000000000000000000023E6E63E4696B1400000000000000000C9B9604478945F440124EBFB406EE4783F8B2E793FB61C793F15A150001400000065
Длина: 253 байт
  Длина: 253 байт
  Маркер: 5555
  Адрес назначения: 0x01
  Адрес отправителя: 0x12
  Счетчик пакетов: 0xAF
  Длина пакетов: 0xF5
  Функция: 0x06
  Адр: 0x1F 0x00
  Размер: 0x01 0x00
  CRC: 0x00
  Первые 16 байт: 55550112AFF50006001F00010000C131
  ... и еще 237 байт

Пакет #95 [13:10:52.611]
HEX: 55551201B30500080000F500C8
Длина: 13 байт
  Длина: 13 байт
  Маркер: 5555
  Адрес назначения: 0x12
  Адрес отправителя: 0x01
  Счетчик пакетов: 0xB3
  Длина пакетов: 0x05
  Функция: 0x08
  Адр: 0x00 0x00
  Размер: 0x00 0xF5
  CRC: 0xC8
  Первые 13 байт: 55551201B30500080000F500C8

Пакет #96 [13:10:52.780]
HEX: 55550112B3F50006001F00010000C13101000000000000000000000000000000000000E1669F4100000000AA81133F1515A5410000C8420A57B442000000000000000000000000000000000C9EB33F6C33F940F8EE47C3F8EE47C39FB619420ACC994100000000000000000ACC99410000000000000000D1EB373F889E6140C44A38400000000000000000000000000000000000048F2200008F2200000000000000000000E70600000000000000000000000000000000000001000000000707030000000000000000000023E6E63E4696B140000000000000000056B0604478945F440124EBFB406EE4783F8B2E793FB61C793F15A1500014000000ED
Длина: 253 байт
  Длина: 253 байт
  Маркер: 5555
  Адрес назначения: 0x01
  Адрес отправителя: 0x12
  Счетчик пакетов: 0xB3
  Длина пакетов: 0xF5
  Функция: 0x06
  Адр: 0x1F 0x00
  Размер: 0x01 0x00
  CRC: 0x00
  Первые 16 байт: 55550112B3F50006001F00010000C131
  ... и еще 237 байт

Пакет #97 [13:10:52.791]
HEX: 55551201BA0500080000F500CF
Длина: 13 байт
  Длина: 13 байт
  Маркер: 5555
  Адрес назначения: 0x12
  Адрес отправителя: 0x01
  Счетчик пакетов: 0xBA
  Длина пакетов: 0x05
  Функция: 0x08
  Адр: 0x00 0x00
  Размер: 0x00 0xF5
  CRC: 0xCF
  Первые 13 байт: 55551201BA0500080000F500CF

Пакет #98 [13:10:52.972]
HEX: 55550112BAF50006001F00010000C13101000000000000000000000000000000000000E1669F4100000000AA81133F1515A5410000C8420A57B442000000000000000000000000000000000C9EB33F6C33F940F8EE47C3F8EE47C39FB619420ACC994100000000000000000ACC99410000000000000000D1EB373F889E6140C44A38400000000000000000000000000000000000048F2200008F2200000000000000000000E70600000000000000000000000000000000000001000000000707030000000000000000000023E6E63E4696B140000000000000000056B0604478945F440124EBFB406EE4783F8B2E793FB61C793F15A1500014000000F4
Длина: 253 байт
  Длина: 253 байт
  Маркер: 5555
  Адрес назначения: 0x01
  Адрес отправителя: 0x12
  Счетчик пакетов: 0xBA
  Длина пакетов: 0xF5
  Функция: 0x06
  Адр: 0x1F 0x00
  Размер: 0x01 0x00
  CRC: 0x00
  Первые 16 байт: 55550112BAF50006001F00010000C131
  ... и еще 237 байт

Пакет #99 [13:10:52.982]
HEX: 55551201C00500080000F500D5
Длина: 13 байт
  Длина: 13 байт
  Маркер: 5555
  Адрес назначения: 0x12
  Адрес отправителя: 0x01
  Счетчик пакетов: 0xC0
  Длина пакетов: 0x05
  Функция: 0x08
  Адр: 0x00 0x00
  Размер: 0x00 0xF5
  CRC: 0xD5
  Первые 13 байт: 55551201C00500080000F500D5

Пакет #100 [13:10:53.162]
HEX: 55550112C0F50006001F00010000C13101000000000000000000000000000000000000E1669F4100000000AA81133F1515A5410000C8420A57B442000000000000000000000000000000000C9EB33F6C33F940F8EE47C3F8EE47C39FB619420ACC994100000000000000000ACC99410000000000000000D1EB373F889E6140C44A38400000000000000000000000000000000000048F2200008F2200000000000000000000E70600000000000000000000000000000000000001000000000707030000000000000000000023E6E63E4696B140000000000000000056B06044E9915F440124EBFB406EE4783F8B2E793FB61C793F15A150001400000068
Длина: 253 байт
  Длина: 253 байт
  Маркер: 5555
  Адрес назначения: 0x01
  Адрес отправителя: 0x12
  Счетчик пакетов: 0xC0
  Длина пакетов: 0xF5
  Функция: 0x06
  Адр: 0x1F 0x00
  Размер: 0x01 0x00
  CRC: 0x00
  Первые 16 байт: 55550112C0F50006001F00010000C131
  ... и еще 237 байт

Пакет #101 [13:10:53.173]
HEX: 55551201C50500080000F500DA
Длина: 13 байт
  Длина: 13 байт
  Маркер: 5555
  Адрес назначения: 0x12
  Адрес отправителя: 0x01
  Счетчик пакетов: 0xC5
  Длина пакетов: 0x05
  Функция: 0x08
  Адр: 0x00 0x00
  Размер: 0x00 0xF5
  CRC: 0xDA
  Первые 13 байт: 55551201C50500080000F500DA

Пакет #102 [13:10:53.352]
HEX: 55550112C5F50006001F00010000C13101000000000000000000000000000000000000E1669F4100000000AA81133F1515A5410000C8420A57B442000000000000000000000000000000000C9EB33FAA40F940F8EE47C3F8EE47C35AB719420ACC994100000000000000000ACC99410000000000000000D1EB373F889E6140C44A38400000000000000000000000000000000000048F2200008F2200000000000000000000E70600000000000000000000000000000000000001000000000707030000000000000000000023E6E63E4696B14000000000000000005EAB6044E9915F440124EBFB409DE5783F8B2E793FB61C793F15A1500014000000A7
Длина: 253 байт
  Длина: 253 байт
  Маркер: 5555
  Адрес назначения: 0x01
  Адрес отправителя: 0x12
  Счетчик пакетов: 0xC5
  Длина пакетов: 0xF5
  Функция: 0x06
  Адр: 0x1F 0x00
  Размер: 0x01 0x00
  CRC: 0x00
  Первые 16 байт: 55550112C5F50006001F00010000C131
  ... и еще 237 байт

Пакет #103 [13:10:53.363]
HEX: 55551201CB0500080000F500E0
Длина: 13 байт
  Длина: 13 байт
  Маркер: 5555
  Адрес назначения: 0x12
  Адрес отправителя: 0x01
  Счетчик пакетов: 0xCB
  Длина пакетов: 0x05
  Функция: 0x08
  Адр: 0x00 0x00
  Размер: 0x00 0xF5
  CRC: 0xE0
  Первые 13 байт: 55551201CB0500080000F500E0

Пакет #104 [13:10:53.536]
HEX: 55550112CBF50006001F00010000C23101000000000000000000000000000000000000E1669F4100000000AA81133F1515A5410000C8420A57B442000000000000000000000000000000000C9EB33FAA40F940F8EE47C3F8EE47C35AB719420ACC994100000000000000000ACC99410000000000000000D1EB373F889E6140C44A38400000000000000000000000000000000000048E2200008E2200000000000000000000E60600000000000000000000000000000000000001000000000707030000000000000000000023E6E63E4696B14000000000000000005EAB6044E9915F4401F00EFC409DE5783F8B2E793FB61C793F16A15000140000009C
Длина: 253 байт
  Длина: 253 байт
  Маркер: 5555
  Адрес назначения: 0x01
  Адрес отправителя: 0x12
  Счетчик пакетов: 0xCB
  Длина пакетов: 0xF5
  Функция: 0x06
  Адр: 0x1F 0x00
  Размер: 0x01 0x00
  CRC: 0x00
  Первые 16 байт: 55550112CBF50006001F00010000C231
  ... и еще 237 байт

Пакет #105 [13:10:53.558]
HEX: 55551201D10500080000F500E6
Длина: 13 байт
  Длина: 13 байт
  Маркер: 5555
  Адрес назначения: 0x12
  Адрес отправителя: 0x01
  Счетчик пакетов: 0xD1
  Длина пакетов: 0x05
  Функция: 0x08
  Адр: 0x00 0x00
  Размер: 0x00 0xF5
  CRC: 0xE6
  Первые 13 байт: 55551201D10500080000F500E6

Пакет #106 [13:10:53.734]
HEX: 55550112D1F50006001F00010000C23101000000000000000000000000000000000000E1669F4100000000AA81133F1515A5410000C8420A57B442000000000000000000000000000000000C9EB33FAA40F940F8EE47C3F8EE47C35AB719420ACC994100000000000000000ACC99410000000000000000D1EB373F889E6140C44A38400000000000000000000000000000000000048E2200008E2200000000000000000000E60600000000000000000000000000000000000001000000000707030000000000000000000023E6E63E4696B14000000000000000005EAB6044E9915F4401F00EFC409DE5783F8B2E793FB61C793F16A1500014000000A2
Длина: 253 байт
  Длина: 253 байт
  Маркер: 5555
  Адрес назначения: 0x01
  Адрес отправителя: 0x12
  Счетчик пакетов: 0xD1
  Длина пакетов: 0xF5
  Функция: 0x06
  Адр: 0x1F 0x00
  Размер: 0x01 0x00
  CRC: 0x00
  Первые 16 байт: 55550112D1F50006001F00010000C231
  ... и еще 237 байт

Пакет #107 [13:10:53.746]
HEX: 55551201D70500080000F500EC
Длина: 13 байт
  Длина: 13 байт
  Маркер: 5555
  Адрес назначения: 0x12
  Адрес отправителя: 0x01
  Счетчик пакетов: 0xD7
  Длина пакетов: 0x05
  Функция: 0x08
  Адр: 0x00 0x00
  Размер: 0x00 0xF5
  CRC: 0xEC
  Первые 13 байт: 55551201D70500080000F500EC

Пакет #108 [13:10:53.925]
HEX: 55550112D7F50006001F00010000C23101000000000000000000000000000000000000E1669F4100000000AA81133F1515A5410000C8420A57B442000000000000000000000000000000000C9EB33FAA40F940F8EE47C3F8EE47C35AB719420ACC994100000000000000000ACC99410000000000000000D1EB373F729F6140C24B38400000000000000000000000000000000000048E2200008E2200000000000000000000E60600000000000000000000000000000000000001000000000707030000000000000000000023E6E63E4696B1400000000000000000999A604441AC5F4401F00EFC409DE5783F8B2E793F3E1C793F16A1500014000000B7
Длина: 253 байт
  Длина: 253 байт
  Маркер: 5555
  Адрес назначения: 0x01
  Адрес отправителя: 0x12
  Счетчик пакетов: 0xD7
  Длина пакетов: 0xF5
  Функция: 0x06
  Адр: 0x1F 0x00
  Размер: 0x01 0x00
  CRC: 0x00
  Первые 16 байт: 55550112D7F50006001F00010000C231
  ... и еще 237 байт

Пакет #109 [13:10:53.936]
HEX: 55551201DD0500080000F500F2
Длина: 13 байт
  Длина: 13 байт
  Маркер: 5555
  Адрес назначения: 0x12
  Адрес отправителя: 0x01
  Счетчик пакетов: 0xDD
  Длина пакетов: 0x05
  Функция: 0x08
  Адр: 0x00 0x00
  Размер: 0x00 0xF5
  CRC: 0xF2
  Первые 13 байт: 55551201DD0500080000F500F2

Пакет #110 [13:10:54.108]
HEX: 55550112DDF50006001F00010000C23101000000000000000000000000000000000000E1669F4100000000AA81133F1515A5410000C8420A57B442000000000000000000000000000000000C9EB33FAA40F940F8EE47C3F8EE47C35AB719420ACC994100000000000000000ACC99410000000000000000D1EB373F729F6140C24B38400000000000000000000000000000000000048E2200008E2200000000000000000000E60600000000000000000000000000000000000001000000000707030000000000000000000023E6E63E4696B1400000000000000000999A604441AC5F4401F00EFC409DE5783F8B2E793F3E1C793F16A1500014000000BD
Длина: 253 байт
  Длина: 253 байт
  Маркер: 5555
  Адрес назначения: 0x01
  Адрес отправителя: 0x12
  Счетчик пакетов: 0xDD
  Длина пакетов: 0xF5
  Функция: 0x06
  Адр: 0x1F 0x00
  Размер: 0x01 0x00
  CRC: 0x00
  Первые 16 байт: 55550112DDF50006001F00010000C231
  ... и еще 237 байт

Пакет #111 [13:10:54.119]
HEX: 55551201E30500080000F500F8
Длина: 13 байт
  Длина: 13 байт
  Маркер: 5555
  Адрес назначения: 0x12
  Адрес отправителя: 0x01
  Счетчик пакетов: 0xE3
  Длина пакетов: 0x05
  Функция: 0x08
  Адр: 0x00 0x00
  Размер: 0x00 0xF5
  CRC: 0xF8
  Первые 13 байт: 55551201E30500080000F500F8

Пакет #112 [13:10:54.303]
HEX: 55550112E3F50006001F00010000C23101000000000000000000000000000000000000E1669F4100000000AA81133F1515A5410000C8420A57B442000000000000000000000000000000000C9EB33FAA40F940F8EE47C3F8EE47C35AB719420ACC994100000000000000000ACC99410000000000000000D1EB373F729F6140C24B38400000000000000000000000000000000000048E2200008E2200000000000000000000E60600000000000000000000000000000000000001000000000707030000000000000000000023E6E63E4696B1400000000000000000999A604441AC5F4401F00EFC409DE5783F8B2E793F3E1C793F16A1500014000000C3
Длина: 253 байт
  Длина: 253 байт
  Маркер: 5555
  Адрес назначения: 0x01
  Адрес отправителя: 0x12
  Счетчик пакетов: 0xE3
  Длина пакетов: 0xF5
  Функция: 0x06
  Адр: 0x1F 0x00
  Размер: 0x01 0x00
  CRC: 0x00
  Первые 16 байт: 55550112E3F50006001F00010000C231
  ... и еще 237 байт

Пакет #113 [13:10:54.303]
HEX: 55551201E80500080000F500FD
Длина: 13 байт
  Длина: 13 байт
  Маркер: 5555
  Адрес назначения: 0x12
  Адрес отправителя: 0x01
  Счетчик пакетов: 0xE8
  Длина пакетов: 0x05
  Функция: 0x08
  Адр: 0x00 0x00
  Размер: 0x00 0xF5
  CRC: 0xFD
  Первые 13 байт: 55551201E80500080000F500FD

Пакет #114 [13:10:54.487]
HEX: 55550112E8F50006001F00010000C33101000000000000000000000000000000000000E1669F4100000000AA81133F1515A5410000C8420A57B442000000000000000000000000000000000C9EB33FAA40F940F8EE47C3F8EE47C35AB719420ACC994100000000000000000ACC99410000000000000000D1EB373F729F6140C24B38400000000000000000000000000000000000048D2200008D2200000000000000000000E50600000000000000000000000000000000000001000000000707030000000000000000000023E6E63E4696B140000000000000000059B2604441AC5F44011D00FC409DE5783F8B2E793F3E1C793F17A1500014000000BE
Длина: 253 байт
  Длина: 253 байт
  Маркер: 5555
  Адрес назначения: 0x01
  Адрес отправителя: 0x12
  Счетчик пакетов: 0xE8
  Длина пакетов: 0xF5
  Функция: 0x06
  Адр: 0x1F 0x00
  Размер: 0x01 0x00
  CRC: 0x00
  Первые 16 байт: 55550112E8F50006001F00010000C331
  ... и еще 237 байт

Пакет #115 [13:10:54.503]
HEX: 55551201EE0500080000F50003
Длина: 13 байт
  Длина: 13 байт
  Маркер: 5555
  Адрес назначения: 0x12
  Адрес отправителя: 0x01
  Счетчик пакетов: 0xEE
  Длина пакетов: 0x05
  Функция: 0x08
  Адр: 0x00 0x00
  Размер: 0x00 0xF5
  CRC: 0x03
  Первые 13 байт: 55551201EE0500080000F50003

Пакет #116 [13:10:54.686]
HEX: 55550112EEF50006001F00010000C33101000000000000000000000000000000000000E1669F4100000000AA81133F1515A5410000C8420A57B442000000000000000000000000000000000C9EB33FAA40F940F8EE47C3F8EE47C35AB719420ACC994100000000000000000ACC99410000000000000000D1EB373F729F6140C24B38400000000000000000000000000000000000048D2200008D2200000000000000000000E50600000000000000000000000000000000000001000000000707030000000000000000000023E6E63E4696B140000000000000000059B26044C9AD5F44011D00FC409DE5783F8B2E793F3E1C793F17A15000140000004D
Длина: 253 байт
  Длина: 253 байт
  Маркер: 5555
  Адрес назначения: 0x01
  Адрес отправителя: 0x12
  Счетчик пакетов: 0xEE
  Длина пакетов: 0xF5
  Функция: 0x06
  Адр: 0x1F 0x00
  Размер: 0x01 0x00
  CRC: 0x00
  Первые 16 байт: 55550112EEF50006001F00010000C331
  ... и еще 237 байт

Пакет #117 [13:10:54.702]
HEX: 55551201F40500080000F50009
Длина: 13 байт
  Длина: 13 байт
  Маркер: 5555
  Адрес назначения: 0x12
  Адрес отправителя: 0x01
  Счетчик пакетов: 0xF4
  Длина пакетов: 0x05
  Функция: 0x08
  Адр: 0x00 0x00
  Размер: 0x00 0xF5
  CRC: 0x09
  Первые 13 байт: 55551201F40500080000F50009

Пакет #118 [13:10:54.869]
HEX: 55550112F4F50006001F00010000C33101000000000000000000000000000000000000CA6B9F4100000000AA81133F1515A5410000C8420A57B44200000000000000000000000000000000410AB43FAA40F940F8EE47C3F8EE47C35AB71942CBCF99410000000000000000CBCF9941000000000000000018EF373F729F6140C24B38400000000000000000000000000000000000048D2200008D2200000000000000000000E506000000000000000000000000000000000000010000000007070300000000000000000000A5ECE63EF534B140000000000000000059B26044C9AD5F44011D00FC409DE5783FA22E793F3E1C793F17A1500014000000A2
Длина: 253 байт
  Длина: 253 байт
  Маркер: 5555
  Адрес назначения: 0x01
  Адрес отправителя: 0x12
  Счетчик пакетов: 0xF4
  Длина пакетов: 0xF5
  Функция: 0x06
  Адр: 0x1F 0x00
  Размер: 0x01 0x00
  CRC: 0x00
  Первые 16 байт: 55550112F4F50006001F00010000C331
  ... и еще 237 байт

Пакет #119 [13:10:54.886]
HEX: 55551201FA0500080000F5000F
Длина: 13 байт
  Длина: 13 байт
  Маркер: 5555
  Адрес назначения: 0x12
  Адрес отправителя: 0x01
  Счетчик пакетов: 0xFA
  Длина пакетов: 0x05
  Функция: 0x08
  Адр: 0x00 0x00
  Размер: 0x00 0xF5
  CRC: 0x0F
  Первые 13 байт: 55551201FA0500080000F5000F

Пакет #120 [13:10:55.057]
HEX: 55550112FAF50006001F00010000C33101000000000000000000000000000000000000CA6B9F4100000000AA81133F1515A5410000C8420A57B44200000000000000000000000000000000410AB43FAA40F940F8EE47C3F8EE47C35AB71942CBCF99410000000000000000CBCF9941000000000000000018EF373F729F6140C24B38400000000000000000000000000000000000048D2200008D2200000000000000000000E506000000000000000000000000000000000000010000000007070300000000000000000000A5ECE63EF534B14000000000000000008C7C6044C9AD5F44011D00FC409DE5783FA22E793F3E1C793F17A1500014000000A5
Длина: 253 байт
  Длина: 253 байт
  Маркер: 5555
  Адрес назначения: 0x01
  Адрес отправителя: 0x12
  Счетчик пакетов: 0xFA
  Длина пакетов: 0xF5
  Функция: 0x06
  Адр: 0x1F 0x00
  Размер: 0x01 0x00
  CRC: 0x00
  Первые 16 байт: 55550112FAF50006001F00010000C331
  ... и еще 237 байт

Пакет #121 [13:10:55.076]
HEX: 55551201FF0500080000F50014
Длина: 13 байт
  Длина: 13 байт
  Маркер: 5555
  Адрес назначения: 0x12
  Адрес отправителя: 0x01
  Счетчик пакетов: 0xFF
  Длина пакетов: 0x05
  Функция: 0x08
  Адр: 0x00 0x00
  Размер: 0x00 0xF5
  CRC: 0x14
  Первые 13 байт: 55551201FF0500080000F50014

Пакет #122 [13:10:55.253]
HEX: 55550112FFF50006001F00010000C33101000000000000000000000000000000000000CA6B9F4100000000AA81133F1515A5410000C8420A57B44200000000000000000000000000000000410AB43FAA40F940F8EE47C3F8EE47C35AB71942CBCF99410000000000000000CBCF9941000000000000000018EF373F729F6140C24B38400000000000000000000000000000000000048D2200008D2200000000000000000000E506000000000000000000000000000000000000010000000007070300000000000000000000A5ECE63EF534B14000000000000000008C7C60443AB75F44011D00FC409DE5783FA22E793F3E1C793F17A150001400000025
Длина: 253 байт
  Длина: 253 байт
  Маркер: 5555
  Адрес назначения: 0x01
  Адрес отправителя: 0x12
  Счетчик пакетов: 0xFF
  Длина пакетов: 0xF5
  Функция: 0x06
  Адр: 0x1F 0x00
  Размер: 0x01 0x00
  CRC: 0x00
  Первые 16 байт: 55550112FFF50006001F00010000C331
  ... и еще 237 байт

Пакет #123 [13:10:55.268]
HEX: 55551201050500080000F5001A
Длина: 13 байт
  Длина: 13 байт
  Маркер: 5555
  Адрес назначения: 0x12
  Адрес отправителя: 0x01
  Счетчик пакетов: 0x05
  Длина пакетов: 0x05
  Функция: 0x08
  Адр: 0x00 0x00
  Размер: 0x00 0xF5
  CRC: 0x1A
  Первые 13 байт: 55551201050500080000F5001A

Пакет #124 [13:10:55.439]
HEX: 5555011205F50006001F00010000C43101000000000000000000000000000000000000CA6B9F41000000007228133F2B79A5410000C8420A57B44200000000000000000000000000000000410AB43FAA40F940F8EE47C3F8EE47C35AB71942CBCF99410000000000000000CBCF9941000000000000000018EF373F92A06140EC4C38400000000000000000000000000000000000048C2200008C2200000000000000000000E406000000000000000000000000000000000000010000000007070300000000000000000000A5ECE63EF534B14000000000000000008C7C60443AB75F440110ADFB409DE5783FA22E793F021C793F18A1500014000000C2
Длина: 253 байт
  Длина: 253 байт
  Маркер: 5555
  Адрес назначения: 0x01
  Адрес отправителя: 0x12
  Счетчик пакетов: 0x05
  Длина пакетов: 0xF5
  Функция: 0x06
  Адр: 0x1F 0x00
  Размер: 0x01 0x00
  CRC: 0x00
  Первые 16 байт: 5555011205F50006001F00010000C431
  ... и еще 237 байт

Пакет #125 [13:10:55.455]
HEX: 555512010C0500080000F50021
Длина: 13 байт
  Длина: 13 байт
  Маркер: 5555
  Адрес назначения: 0x12
  Адрес отправителя: 0x01
  Счетчик пакетов: 0x0C
  Длина пакетов: 0x05
  Функция: 0x08
  Адр: 0x00 0x00
  Размер: 0x00 0xF5
  CRC: 0x21
  Первые 13 байт: 555512010C0500080000F50021

Пакет #126 [13:10:55.637]
HEX: 555501120CF50006001F00010000C43101000000000000000000000000000000000000CA6B9F41000000007228133F2B79A5410000C8420A57B44200000000000000000000000000000000410AB43FAA40F940F8EE47C3F8EE47C35AB71942CBCF99410000000000000000CBCF9941000000000000000018EF373F92A06140EC4C38400000000000000000000000000000000000048C2200008C2200000000000000000000E406000000000000000000000000000000000000010000000007070300000000000000000000A5ECE63EF534B1400000000000000000886160443AB75F440110ADFB409DE5783FA22E793F021C793F18A1500014000000AA
Длина: 253 байт
  Длина: 253 байт
  Маркер: 5555
  Адрес назначения: 0x01
  Адрес отправителя: 0x12
  Счетчик пакетов: 0x0C
  Длина пакетов: 0xF5
  Функция: 0x06
  Адр: 0x1F 0x00
  Размер: 0x01 0x00
  CRC: 0x00
  Первые 16 байт: 555501120CF50006001F00010000C431
  ... и еще 237 байт

Пакет #127 [13:10:55.649]
HEX: 55551201110500080000F50026
Длина: 13 байт
  Длина: 13 байт
  Маркер: 5555
  Адрес назначения: 0x12
  Адрес отправителя: 0x01
  Счетчик пакетов: 0x11
  Длина пакетов: 0x05
  Функция: 0x08
  Адр: 0x00 0x00
  Размер: 0x00 0xF5
  CRC: 0x26
  Первые 13 байт: 55551201110500080000F50026

Пакет #128 [13:10:55.829]
HEX: 5555011211F50006001F00010000C43101000000000000000000000000000000000000CA6B9F41000000007228133F2B79A5410000C8420A57B44200000000000000000000000000000000410AB43FAA40F940F8EE47C3F8EE47C35AB71942CBCF99410000000000000000CBCF9941000000000000000018EF373F92A06140EC4C38400000000000000000000000000000000000048C2200008C2200000000000000000000E406000000000000000000000000000000000000010000000007070300000000000000000000A5ECE63EF534B1400000000000000000886160443AB75F440110ADFB409DE5783FA22E793F021C793F18A1500014000000AF
Длина: 253 байт
  Длина: 253 байт
  Маркер: 5555
  Адрес назначения: 0x01
  Адрес отправителя: 0x12
  Счетчик пакетов: 0x11
  Длина пакетов: 0xF5
  Функция: 0x06
  Адр: 0x1F 0x00
  Размер: 0x01 0x00
  CRC: 0x00
  Первые 16 байт: 5555011211F50006001F00010000C431
  ... и еще 237 байт

Пакет #129 [13:10:55.840]
HEX: 55551201160500080000F5002B
Длина: 13 байт
  Длина: 13 байт
  Маркер: 5555
  Адрес назначения: 0x12
  Адрес отправителя: 0x01
  Счетчик пакетов: 0x16
  Длина пакетов: 0x05
  Функция: 0x08
  Адр: 0x00 0x00
  Размер: 0x00 0xF5
  CRC: 0x2B
  Первые 13 байт: 55551201160500080000F5002B

Пакет #130 [13:10:56.020]
HEX: 5555011216F50006001F00010000C43101000000000000000000000000000000000000CA6B9F41000000007228133F2B79A5410000C8420A57B44200000000000000000000000000000000410AB43F27BBF940F8EE47C3F8EE47C326BC1942CBCF99410000000000000000CBCF9941000000000000000018EF373F92A06140EC4C38400000000000000000000000000000000000048C2200008C2200000000000000000000E406000000000000000000000000000000000000010000000007070300000000000000000000A5ECE63EF534B14000000000000000008861604497BD5F440110ADFB4043E5783FA22E793F021C793F18A150001400000086
Длина: 253 байт
  Длина: 253 байт
  Маркер: 5555
  Адрес назначения: 0x01
  Адрес отправителя: 0x12
  Счетчик пакетов: 0x16
  Длина пакетов: 0xF5
  Функция: 0x06
  Адр: 0x1F 0x00
  Размер: 0x01 0x00
  CRC: 0x00
  Первые 16 байт: 5555011216F50006001F00010000C431
  ... и еще 237 байт

Пакет #131 [13:10:56.032]
HEX: 555512011D0500080000F50032
Длина: 13 байт
  Длина: 13 байт
  Маркер: 5555
  Адрес назначения: 0x12
  Адрес отправителя: 0x01
  Счетчик пакетов: 0x1D
  Длина пакетов: 0x05
  Функция: 0x08
  Адр: 0x00 0x00
  Размер: 0x00 0xF5
  CRC: 0x32
  Первые 13 байт: 555512011D0500080000F50032

Пакет #132 [13:10:56.213]
HEX: 555501121DF50006001F00010000C43101000000000000000000000000000000000000CA6B9F41000000007228133F2B79A5410000C8420A57B44200000000000000000000000000000000410AB43F27BBF940F8EE47C3F8EE47C326BC1942CBCF99410000000000000000CBCF9941000000000000000018EF373F92A06140EC4C38400000000000000000000000000000000000048C2200008C2200000000000000000000E406000000000000000000000000000000000000010000000007070300000000000000000000A5ECE63EF534B14000000000000000001B66604497BD5F440110ADFB4043E5783FA22E793F021C793F18A150001400000025
Длина: 253 байт
  Длина: 253 байт
  Маркер: 5555
  Адрес назначения: 0x01
  Адрес отправителя: 0x12
  Счетчик пакетов: 0x1D
  Длина пакетов: 0xF5
  Функция: 0x06
  Адр: 0x1F 0x00
  Размер: 0x01 0x00
  CRC: 0x00
  Первые 16 байт: 555501121DF50006001F00010000C431
  ... и еще 237 байт

Пакет #133 [13:10:56.231]
HEX: 55551201230500080000F50038
Длина: 13 байт
  Длина: 13 байт
  Маркер: 5555
  Адрес назначения: 0x12
  Адрес отправителя: 0x01
  Счетчик пакетов: 0x23
  Длина пакетов: 0x05
  Функция: 0x08
  Адр: 0x00 0x00
  Размер: 0x00 0xF5
  CRC: 0x38
  Первые 13 байт: 55551201230500080000F50038

Пакет #134 [13:10:56.414]
HEX: 5555011223F50006001F00010000C53101000000000000000000000000000000000000CA6B9F41000000007228133F2B79A5410000C8420A57B44200000000000000000000000000000000410AB43F27BBF940F8EE47C3F8EE47C326BC1942CBCF99410000000000000000CBCF9941000000000000000018EF373F92A06140EC4C38400000000000000000000000000000000000048B2200008B2200000000000000000000E306000000000000000000000000000000000000010000000007070300000000000000000000A5ECE63EF534B14000000000000000001B66604497BD5F4401498BFB4043E5783FA22E793F021C793F19A150001400000041
Длина: 253 байт
  Длина: 253 байт
  Маркер: 5555
  Адрес назначения: 0x01
  Адрес отправителя: 0x12
  Счетчик пакетов: 0x23
  Длина пакетов: 0xF5
  Функция: 0x06
  Адр: 0x1F 0x00
  Размер: 0x01 0x00
  CRC: 0x00
  Первые 16 байт: 5555011223F50006001F00010000C531
  ... и еще 237 байт

Пакет #135 [13:10:56.430]
HEX: 55551201280500080000F5003D
Длина: 13 байт
  Длина: 13 байт
  Маркер: 5555
  Адрес назначения: 0x12
  Адрес отправителя: 0x01
  Счетчик пакетов: 0x28
  Длина пакетов: 0x05
  Функция: 0x08
  Адр: 0x00 0x00
  Размер: 0x00 0xF5
  CRC: 0x3D
  Первые 13 байт: 55551201280500080000F5003D

Пакет #136 [13:10:56.597]
HEX: 5555011228F50006001F00010000C53101000000000000000000000000000000000000CA6B9F41000000007228133F2B79A5410000C8420A57B44200000000000000000000000000000000410AB43F27BBF940F8EE47C3F8EE47C326BC1942CBCF99410000000000000000CBCF9941000000000000000018EF373F92A06140EC4C38400000000000000000000000000000000000048B2200008B2200000000000000000000E306000000000000000000000000000000000000010000000007070300000000000000000000A5ECE63EF534B14000000000000000001B66604454C45F4401498BFB4043E5783FA22E793F021C793F19A15000140000000A
Длина: 253 байт
  Длина: 253 байт
  Маркер: 5555
  Адрес назначения: 0x01
  Адрес отправителя: 0x12
  Счетчик пакетов: 0x28
  Длина пакетов: 0xF5
  Функция: 0x06
  Адр: 0x1F 0x00
  Размер: 0x01 0x00
  CRC: 0x00
  Первые 16 байт: 5555011228F50006001F00010000C531
  ... и еще 237 байт

Пакет #137 [13:10:56.613]
HEX: 555512012F0500080000F50044
Длина: 13 байт
  Длина: 13 байт
  Маркер: 5555
  Адрес назначения: 0x12
  Адрес отправителя: 0x01
  Счетчик пакетов: 0x2F
  Длина пакетов: 0x05
  Функция: 0x08
  Адр: 0x00 0x00
  Размер: 0x00 0xF5
  CRC: 0x44
  Первые 13 байт: 555512012F0500080000F50044

Пакет #138 [13:10:56.800]
HEX: 555501122FF50006001F00010000C53101000000000000000000000000000000000000CA6B9F41000000007228133F2B79A5410000C8420A57B44200000000000000000000000000000000410AB43F27BBF940F8EE47C3F8EE47C326BC1942CBCF99410000000000000000CBCF9941000000000000000018EF373F92A06140EC4C38400000000000000000000000000000000000048B2200008B2200000000000000000000E306000000000000000000000000000000000000010000000007070300000000000000000000A5ECE63EF534B14000000000000000008395604454C45F4401498BFB4043E5783FA22E793F021C793F19A1500014000000A8
Длина: 253 байт
  Длина: 253 байт
  Маркер: 5555
  Адрес назначения: 0x01
  Адрес отправителя: 0x12
  Счетчик пакетов: 0x2F
  Длина пакетов: 0xF5
  Функция: 0x06
  Адр: 0x1F 0x00
  Размер: 0x01 0x00
  CRC: 0x00
  Первые 16 байт: 555501122FF50006001F00010000C531
  ... и еще 237 байт

Пакет #139 [13:10:56.801]
HEX: 55551201340500080000F50049
Длина: 13 байт
  Длина: 13 байт
  Маркер: 5555
  Адрес назначения: 0x12
  Адрес отправителя: 0x01
  Счетчик пакетов: 0x34
  Длина пакетов: 0x05
  Функция: 0x08
  Адр: 0x00 0x00
  Размер: 0x00 0xF5
  CRC: 0x49
  Первые 13 байт: 55551201340500080000F50049

Пакет #140 [13:10:56.978]
HEX: 5555011234F50006001F00010000C53101000000000000000000000000000000000000CA6B9F41000000007228133F2B79A5410000C8420A57B44200000000000000000000000000000000410AB43F27BBF940F8EE47C3F8EE47C326BC1942CBCF99410000000000000000CBCF9941000000000000000018EF373F77A06140D64C38400000000000000000000000000000000000048B2200008B2200000000000000000000E306000000000000000000000000000000000000010000000007070300000000000000000000A5ECE63EF534B14000000000000000008395604454C45F4401498BFB4043E5783FA22E793FE41B793F19A15000140000005D
Длина: 253 байт
  Длина: 253 байт
  Маркер: 5555
  Адрес назначения: 0x01
  Адрес отправителя: 0x12
  Счетчик пакетов: 0x34
  Длина пакетов: 0xF5
  Функция: 0x06
  Адр: 0x1F 0x00
  Размер: 0x01 0x00
  CRC: 0x00
  Первые 16 байт: 5555011234F50006001F00010000C531
  ... и еще 237 байт

Пакет #141 [13:10:57.005]
HEX: 555512013A0500080000F5004F
Длина: 13 байт
  Длина: 13 байт
  Маркер: 5555
  Адрес назначения: 0x12
  Адрес отправителя: 0x01
  Счетчик пакетов: 0x3A
  Длина пакетов: 0x05
  Функция: 0x08
  Адр: 0x00 0x00
  Размер: 0x00 0xF5
  CRC: 0x4F
  Первые 13 байт: 555512013A0500080000F5004F

Пакет #142 [13:10:57.177]
HEX: 555501123AF50006001F00010000C531010000000000000000000000000000000000009C6F9F41000000007228133F2B79A5410000C8420A57B44200000000000000000000000000000000D8DFB33F27BBF940F8EE47C3F8EE47C326BC1942B6D299410000000000000000B6D299410000000000000000A4F1373F77A06140D64C38400000000000000000000000000000000000048B2200008B2200000000000000000000E306000000000000000000000000000000000000010000000007070300000000000000000000CFEBE63EE6B5B14000000000000000008395604454C45F4401498BFB4043E5783FBB2D793FE41B793F19A1500014000000C1
Длина: 253 байт
  Длина: 253 байт
  Маркер: 5555
  Адрес назначения: 0x01
  Адрес отправителя: 0x12
  Счетчик пакетов: 0x3A
  Длина пакетов: 0xF5
  Функция: 0x06
  Адр: 0x1F 0x00
  Размер: 0x01 0x00
  CRC: 0x00
  Первые 16 байт: 555501123AF50006001F00010000C531
  ... и еще 237 байт

Пакет #143 [13:10:57.193]
HEX: 55551201420500080000F50057
Длина: 13 байт
  Длина: 13 байт
  Маркер: 5555
  Адрес назначения: 0x12
  Адрес отправителя: 0x01
  Счетчик пакетов: 0x42
  Длина пакетов: 0x05
  Функция: 0x08
  Адр: 0x00 0x00
  Размер: 0x00 0xF5
  CRC: 0x57
  Первые 13 байт: 55551201420500080000F50057

Пакет #144 [13:10:57.367]
HEX: 5555011242F50006001F00010000C531010000000000000000000000000000000000009C6F9F41000000007228133F2B79A5410000C8420A57B44200000000000000000000000000000000D8DFB33F27BBF940F8EE47C3F8EE47C326BC1942B6D299410000000000000000B6D299410000000000000000A4F1373F77A06140D64C38400000000000000000000000000000000000048B2200008B2200000000000000000000E306000000000000000000000000000000000000010000000007070300000000000000000000CFEBE63EE6B5B1400000000000000000DB636044C29B5F4401498BFB4043E5783FBB2D793FE41B793F19A150001400000034
Длина: 253 байт
  Длина: 253 байт
  Маркер: 5555
  Адрес назначения: 0x01
  Адрес отправителя: 0x12
  Счетчик пакетов: 0x42
  Длина пакетов: 0xF5
  Функция: 0x06
  Адр: 0x1F 0x00
  Размер: 0x01 0x00
  CRC: 0x00
  Первые 16 байт: 5555011242F50006001F00010000C531
  ... и еще 237 байт

Пакет #145 [13:10:57.378]
HEX: 55551201470500080000F5005C
Длина: 13 байт
  Длина: 13 байт
  Маркер: 5555
  Адрес назначения: 0x12
  Адрес отправителя: 0x01
  Счетчик пакетов: 0x47
  Длина пакетов: 0x05
  Функция: 0x08
  Адр: 0x00 0x00
  Размер: 0x00 0xF5
  CRC: 0x5C
  Первые 13 байт: 55551201470500080000F5005C

Пакет #146 [13:10:57.553]
HEX: 5555011247F50006001F00010000C631010000000000000000000000000000000000009C6F9F410000000008E3123F5EC7A5410000C8420A57B44200000000000000000000000000000000D8DFB33F27BBF940F8EE47C3F8EE47C326BC1942B6D299410000000000000000B6D299410000000000000000A4F1373F77A06140D64C38400000000000000000000000000000000000048A2200008A2200000000000000000000E206000000000000000000000000000000000000010000000007070300000000000000000000CFEBE63EE6B5B1400000000000000000DB636044C29B5F44016B58FC4043E5783FBB2D793FE41B793F1AA1500014000000F9
Длина: 253 байт
  Длина: 253 байт
  Маркер: 5555
  Адрес назначения: 0x01
  Адрес отправителя: 0x12
  Счетчик пакетов: 0x47
  Длина пакетов: 0xF5
  Функция: 0x06
  Адр: 0x1F 0x00
  Размер: 0x01 0x00
  CRC: 0x00
  Первые 16 байт: 5555011247F50006001F00010000C631
  ... и еще 237 байт

Пакет #147 [13:10:57.569]
HEX: 555512014B0500080000F50060
Длина: 13 байт
  Длина: 13 байт
  Маркер: 5555
  Адрес назначения: 0x12
  Адрес отправителя: 0x01
  Счетчик пакетов: 0x4B
  Длина пакетов: 0x05
  Функция: 0x08
  Адр: 0x00 0x00
  Размер: 0x00 0xF5
  CRC: 0x60
  Первые 13 байт: 555512014B0500080000F50060

Пакет #148 [13:10:57.754]
HEX: 555501124BF50006001F00010000C631010000000000000000000000000000000000009C6F9F410000000008E3123F5EC7A5410000C8420A57B44200000000000000000000000000000000D8DFB33F27BBF940F8EE47C3F8EE47C326BC1942B6D299410000000000000000B6D299410000000000000000A4F1373F77A06140D64C38400000000000000000000000000000000000048A2200008A2200000000000000000000E206000000000000000000000000000000000000010000000007070300000000000000000000CFEBE63EE6B5B1400000000000000000DB636044C29B5F44016B58FC4043E5783FBB2D793FE41B793F1AA1500014000000FD
Длина: 253 байт
  Длина: 253 байт
  Маркер: 5555
  Адрес назначения: 0x01
  Адрес отправителя: 0x12
  Счетчик пакетов: 0x4B
  Длина пакетов: 0xF5
  Функция: 0x06
  Адр: 0x1F 0x00
  Размер: 0x01 0x00
  CRC: 0x00
  Первые 16 байт: 555501124BF50006001F00010000C631
  ... и еще 237 байт

Пакет #149 [13:10:57.769]
HEX: 55551201520500080000F50067
Длина: 13 байт
  Длина: 13 байт
  Маркер: 5555
  Адрес назначения: 0x12
  Адрес отправителя: 0x01
  Счетчик пакетов: 0x52
  Длина пакетов: 0x05
  Функция: 0x08
  Адр: 0x00 0x00
  Размер: 0x00 0xF5
  CRC: 0x67
  Первые 13 байт: 55551201520500080000F50067

Пакет #150 [13:10:57.935]
HEX: 5555011252F50006001F00010000C631010000000000000000000000000000000000009C6F9F410000000008E3123F5EC7A5410000C8420A57B44200000000000000000000000000000000D8DFB33F27BBF940F8EE47C3F8EE47C326BC1942B6D299410000000000000000B6D299410000000000000000A4F1373F77A06140D64C38400000000000000000000000000000000000048A2200008A2200000000000000000000E206000000000000000000000000000000000000010000000007070300000000000000000000CFEBE63EE6B5B1400000000000000000DB636044C29B5F44016B58FC4043E5783FBB2D793FE41B793F1AA150001400000004
Длина: 253 байт
  Длина: 253 байт
  Маркер: 5555
  Адрес назначения: 0x01
  Адрес отправителя: 0x12
  Счетчик пакетов: 0x52
  Длина пакетов: 0xF5
  Функция: 0x06
  Адр: 0x1F 0x00
  Размер: 0x01 0x00
  CRC: 0x00
  Первые 16 байт: 5555011252F50006001F00010000C631
  ... и еще 237 байт

Пакет #151 [13:10:57.957]
HEX: 55551201580500080000F5006D
Длина: 13 байт
  Длина: 13 байт
  Маркер: 5555
  Адрес назначения: 0x12
  Адрес отправителя: 0x01
  Счетчик пакетов: 0x58
  Длина пакетов: 0x05
  Функция: 0x08
  Адр: 0x00 0x00
  Размер: 0x00 0xF5
  CRC: 0x6D
  Первые 13 байт: 55551201580500080000F5006D

Пакет #152 [13:10:58.133]
HEX: 5555011258F50006001F00010000C631010000000000000000000000000000000000009C6F9F410000000008E3123F5EC7A5410000C8420A57B44200000000000000000000000000000000D8DFB33F27BBF940F8EE47C3F8EE47C326BC1942B6D299410000000000000000B6D299410000000000000000A4F1373F77A06140D64C38400000000000000000000000000000000000048A2200008A2200000000000000000000E206000000000000000000000000000000000000010000000007070300000000000000000000CFEBE63EE6B5B140000000000000000045526044F7ED5F44016B58FC4043E5783FBB2D793FE41B793F1AA1500014000000EA
Длина: 253 байт
  Длина: 253 байт
  Маркер: 5555
  Адрес назначения: 0x01
  Адрес отправителя: 0x12
  Счетчик пакетов: 0x58
  Длина пакетов: 0xF5
  Функция: 0x06
  Адр: 0x1F 0x00
  Размер: 0x01 0x00
  CRC: 0x00
  Первые 16 байт: 5555011258F50006001F00010000C631
  ... и еще 237 байт

Пакет #153 [13:10:58.145]
HEX: 555512015E0500080000F50073
Длина: 13 байт
  Длина: 13 байт
  Маркер: 5555
  Адрес назначения: 0x12
  Адрес отправителя: 0x01
  Счетчик пакетов: 0x5E
  Длина пакетов: 0x05
  Функция: 0x08
  Адр: 0x00 0x00
  Размер: 0x00 0xF5
  CRC: 0x73
  Первые 13 байт: 555512015E0500080000F50073

Пакет #154 [13:10:58.321]
HEX: 555501125EF50006001F00010000C631010000000000000000000000000000000000009C6F9F410000000008E3123F5EC7A5410000C8420A57B44200000000000000000000000000000000D8DFB33F27BBF940F8EE47C3F8EE47C326BC1942B6D299410000000000000000B6D299410000000000000000A4F1373F77A06140D64C38400000000000000000000000000000000000048A2200008A2200000000000000000000E206000000000000000000000000000000000000010000000007070300000000000000000000CFEBE63EE6B5B140000000000000000045526044F7ED5F44016B58FC4043E5783FBB2D793FE41B793F1AA1500014000000F0
Длина: 253 байт
  Длина: 253 байт
  Маркер: 5555
  Адрес назначения: 0x01
  Адрес отправителя: 0x12
  Счетчик пакетов: 0x5E
  Длина пакетов: 0xF5
  Функция: 0x06
  Адр: 0x1F 0x00
  Размер: 0x01 0x00
  CRC: 0x00
  Первые 16 байт: 555501125EF50006001F00010000C631
  ... и еще 237 байт

Пакет #155 [13:10:58.342]
HEX: 55551201640500080000F50079
Длина: 13 байт
  Длина: 13 байт
  Маркер: 5555
  Адрес назначения: 0x12
  Адрес отправителя: 0x01
  Счетчик пакетов: 0x64
  Длина пакетов: 0x05
  Функция: 0x08
  Адр: 0x00 0x00
  Размер: 0x00 0xF5
  CRC: 0x79
  Первые 13 байт: 55551201640500080000F50079

Пакет #156 [13:10:58.518]
HEX: 5555011264F50006001F00010000C731010000000000000000000000000000000000009C6F9F410000000008E3123F5EC7A5410000C8420A57B44200000000000000000000000000000000D8DFB33F27BBF940F8EE47C3F8EE47C326BC1942B6D299410000000000000000B6D299410000000000000000A4F1373FC0A16140214E384000000000000000000000000000000000000489220000892200000000000000000000E106000000000000000000000000000000000000010000000007070300000000000000000000CFEBE63EE6B5B140000000000000000045526044F7ED5F44012356FB4043E5783FBB2D793FD51B793F1BA150001400000032
Длина: 253 байт
  Длина: 253 байт
  Маркер: 5555
  Адрес назначения: 0x01
  Адрес отправителя: 0x12
  Счетчик пакетов: 0x64
  Длина пакетов: 0xF5
  Функция: 0x06
  Адр: 0x1F 0x00
  Размер: 0x01 0x00
  CRC: 0x00
  Первые 16 байт: 5555011264F50006001F00010000C731
  ... и еще 237 байт

Пакет #157 [13:10:58.534]
HEX: 55551201690500080000F5007E
Длина: 13 байт
  Длина: 13 байт
  Маркер: 5555
  Адрес назначения: 0x12
  Адрес отправителя: 0x01
  Счетчик пакетов: 0x69
  Длина пакетов: 0x05
  Функция: 0x08
  Адр: 0x00 0x00
  Размер: 0x00 0xF5
  CRC: 0x7E
  Первые 13 байт: 55551201690500080000F5007E

Пакет #158 [13:10:58.721]
HEX: 5555011269F50006001F00010000C731010000000000000000000000000000000000009C6F9F410000000008E3123F5EC7A5410000C8420A57B44200000000000000000000000000000000D8DFB33FE5A5F940F8EE47C3F8EE47C306B71942B6D299410000000000000000B6D299410000000000000000A4F1373FC0A16140214E384000000000000000000000000000000000000489220000892200000000000000000000E106000000000000000000000000000000000000010000000007070300000000000000000000CFEBE63EE6B5B14000000000000000002944604448C05F44012356FB4016E5783FBB2D793FD51B793F1BA150001400000087
Длина: 253 байт
  Длина: 253 байт
  Маркер: 5555
  Адрес назначения: 0x01
  Адрес отправителя: 0x12
  Счетчик пакетов: 0x69
  Длина пакетов: 0xF5
  Функция: 0x06
  Адр: 0x1F 0x00
  Размер: 0x01 0x00
  CRC: 0x00
  Первые 16 байт: 5555011269F50006001F00010000C731
  ... и еще 237 байт

Пакет #159 [13:10:58.737]
HEX: 55551201700500080000F50085
Длина: 13 байт
  Длина: 13 байт
  Маркер: 5555
  Адрес назначения: 0x12
  Адрес отправителя: 0x01
  Счетчик пакетов: 0x70
  Длина пакетов: 0x05
  Функция: 0x08
  Адр: 0x00 0x00
  Размер: 0x00 0xF5
  CRC: 0x85
  Первые 13 байт: 55551201700500080000F50085

Пакет #160 [13:10:58.901]
HEX: 5555011270F50006001F00010000C731010000000000000000000000000000000000009C6F9F410000000008E3123F5EC7A5410000C8420A57B44200000000000000000000000000000000D8DFB33FE5A5F940F8EE47C3F8EE47C306B71942B6D299410000000000000000B6D299410000000000000000A4F1373FC0A16140214E384000000000000000000000000000000000000489220000892200000000000000000000E106000000000000000000000000000000000000010000000007070300000000000000000000CFEBE63EE6B5B14000000000000000002944604448C05F44012356FB4016E5783FBB2D793FD51B793F1BA15000140000008E
Длина: 253 байт
  Длина: 253 байт
  Маркер: 5555
  Адрес назначения: 0x01
  Адрес отправителя: 0x12
  Счетчик пакетов: 0x70
  Длина пакетов: 0xF5
  Функция: 0x06
  Адр: 0x1F 0x00
  Размер: 0x01 0x00
  CRC: 0x00
  Первые 16 байт: 5555011270F50006001F00010000C731
  ... и еще 237 байт

Пакет #161 [13:10:58.923]
HEX: 55551201750500080000F5008A
Длина: 13 байт
  Длина: 13 байт
  Маркер: 5555
  Адрес назначения: 0x12
  Адрес отправителя: 0x01
  Счетчик пакетов: 0x75
  Длина пакетов: 0x05
  Функция: 0x08
  Адр: 0x00 0x00
  Размер: 0x00 0xF5
  CRC: 0x8A
  Первые 13 байт: 55551201750500080000F5008A

Пакет #162 [13:10:59.090]
HEX: 5555011275F50006001F00010000C731010000000000000000000000000000000000009C6F9F410000000008E3123F5EC7A5410000C8420A57B44200000000000000000000000000000000D8DFB33FE5A5F940F8EE47C3F8EE47C306B71942B6D299410000000000000000B6D299410000000000000000A4F1373FC0A16140214E384000000000000000000000000000000000000489220000892200000000000000000000E106000000000000000000000000000000000000010000000007070300000000000000000000CFEBE63EE6B5B1400000000000000000214E604448C05F44012356FB4016E5783FBB2D793FD51B793F1BA150001400000095
Длина: 253 байт
  Длина: 253 байт
  Маркер: 5555
  Адрес назначения: 0x01
  Адрес отправителя: 0x12
  Счетчик пакетов: 0x75
  Длина пакетов: 0xF5
  Функция: 0x06
  Адр: 0x1F 0x00
  Размер: 0x01 0x00
  CRC: 0x00
  Первые 16 байт: 5555011275F50006001F00010000C731
  ... и еще 237 байт

Пакет #163 [13:10:59.106]
HEX: 555512017C0500080000F50091
Длина: 13 байт
  Длина: 13 байт
  Маркер: 5555
  Адрес назначения: 0x12
  Адрес отправителя: 0x01
  Счетчик пакетов: 0x7C
  Длина пакетов: 0x05
  Функция: 0x08
  Адр: 0x00 0x00
  Размер: 0x00 0xF5
  CRC: 0x91
  Первые 13 байт: 555512017C0500080000F50091

Пакет #164 [13:10:59.289]
HEX: 555501127CF50006001F00010000C731010000000000000000000000000000000000009C6F9F410000000008E3123F5EC7A5410000C8420A57B44200000000000000000000000000000000D8DFB33FE5A5F940F8EE47C3F8EE47C306B71942B6D299410000000000000000B6D299410000000000000000A4F1373FC0A16140214E384000000000000000000000000000000000000489220000892200000000000000000000E106000000000000000000000000000000000000010000000007070300000000000000000000CFEBE63EE6B5B1400000000000000000214E604448C05F44012356FB4016E5783FBB2D793FD51B793F1BA15000140000009C
Длина: 253 байт
  Длина: 253 байт
  Маркер: 5555
  Адрес назначения: 0x01
  Адрес отправителя: 0x12
  Счетчик пакетов: 0x7C
  Длина пакетов: 0xF5
  Функция: 0x06
  Адр: 0x1F 0x00
  Размер: 0x01 0x00
  CRC: 0x00
  Первые 16 байт: 555501127CF50006001F00010000C731
  ... и еще 237 байт

Пакет #165 [13:10:59.305]
HEX: 55551201820500080000F50097
Длина: 13 байт
  Длина: 13 байт
  Маркер: 5555
  Адрес назначения: 0x12
  Адрес отправителя: 0x01
  Счетчик пакетов: 0x82
  Длина пакетов: 0x05
  Функция: 0x08
  Адр: 0x00 0x00
  Размер: 0x00 0xF5
  CRC: 0x97
  Первые 13 байт: 55551201820500080000F50097

Пакет #166 [13:10:59.472]
HEX: 5555011282F50006001F00010000C831010000000000000000000000000000000000009C6F9F410000000008E3123F5EC7A5410000C8420A57B44200000000000000000000000000000000D8DFB33FE5A5F940F8EE47C3F8EE47C306B71942B6D299410000000000000000B6D299410000000000000000A4F1373FC0A16140214E384000000000000000000000000000000000000488220000882200000000000000000000E006000000000000000000000000000000000000010000000007070300000000000000000000CFEBE63EE6B5B1400000000000000000214E604455DF5F4401DA41FB4016E5783FBB2D793FD51B793F1CA15000140000006F
Длина: 253 байт
  Длина: 253 байт
  Маркер: 5555
  Адрес назначения: 0x01
  Адрес отправителя: 0x12
  Счетчик пакетов: 0x82
  Длина пакетов: 0xF5
  Функция: 0x06
  Адр: 0x1F 0x00
  Размер: 0x01 0x00
  CRC: 0x00
  Первые 16 байт: 5555011282F50006001F00010000C831
  ... и еще 237 байт

Пакет #167 [13:10:59.488]
HEX: 55551201860500080000F5009B
Длина: 13 байт
  Длина: 13 байт
  Маркер: 5555
  Адрес назначения: 0x12
  Адрес отправителя: 0x01
  Счетчик пакетов: 0x86
  Длина пакетов: 0x05
  Функция: 0x08
  Адр: 0x00 0x00
  Размер: 0x00 0xF5
  CRC: 0x9B
  Первые 13 байт: 55551201860500080000F5009B

Пакет #168 [13:10:59.665]
HEX: 5555011286F50006001F00010000C83101000000000000000000000000000000000000576B9F410000000008E3123F5EC7A5410000C8420A57B4420000000000000000000000000000000034E0B33FE5A5F940F8EE47C3F8EE47C306B7194273CF9941000000000000000073CF99410000000000000000CBEE373FC0A16140214E384000000000000000000000000000000000000488220000882200000000000000000000E006000000000000000000000000000000000000010000000007070300000000000000000000D8E5E63E6BA6B1400000000000000000214E604455DF5F4401DA41FB4016E5783F3A2E793FD51B793F1CA150001400000018
Длина: 253 байт
  Длина: 253 байт
  Маркер: 5555
  Адрес назначения: 0x01
  Адрес отправителя: 0x12
  Счетчик пакетов: 0x86
  Длина пакетов: 0xF5
  Функция: 0x06
  Адр: 0x1F 0x00
  Размер: 0x01 0x00
  CRC: 0x00
  Первые 16 байт: 5555011286F50006001F00010000C831
  ... и еще 237 байт

Пакет #169 [13:10:59.681]
HEX: 555512018D0500080000F500A2
Длина: 13 байт
  Длина: 13 байт
  Маркер: 5555
  Адрес назначения: 0x12
  Адрес отправителя: 0x01
  Счетчик пакетов: 0x8D
  Длина пакетов: 0x05
  Функция: 0x08
  Адр: 0x00 0x00
  Размер: 0x00 0xF5
  CRC: 0xA2
  Первые 13 байт: 555512018D0500080000F500A2

Пакет #170 [13:10:59.859]
HEX: 555501128DF50006001F00010000C83101000000000000000000000000000000000000576B9F410000000008E3123F5EC7A5410000C8420A57B4420000000000000000000000000000000034E0B33FE5A5F940F8EE47C3F8EE47C306B7194273CF9941000000000000000073CF99410000000000000000CBEE373FC0A16140214E384000000000000000000000000000000000000488220000882200000000000000000000E006000000000000000000000000000000000000010000000007070300000000000000000000D8E5E63E6BA6B1400000000000000000C94E604455DF5F4401DA41FB4016E5783F3A2E793FD51B793F1CA1500014000000C7
Длина: 253 байт
  Длина: 253 байт
  Маркер: 5555
  Адрес назначения: 0x01
  Адрес отправителя: 0x12
  Счетчик пакетов: 0x8D
  Длина пакетов: 0xF5
  Функция: 0x06
  Адр: 0x1F 0x00
  Размер: 0x01 0x00
  CRC: 0x00
  Первые 16 байт: 555501128DF50006001F00010000C831
  ... и еще 237 байт

Пакет #171 [13:10:59.887]
HEX: 55551201930500080000F500A8
Длина: 13 байт
  Длина: 13 байт
  Маркер: 5555
  Адрес назначения: 0x12
  Адрес отправителя: 0x01
  Счетчик пакетов: 0x93
  Длина пакетов: 0x05
  Функция: 0x08
  Адр: 0x00 0x00
  Размер: 0x00 0xF5
  CRC: 0xA8
  Первые 13 байт: 55551201930500080000F500A8

Пакет #172 [13:11:00.056]
HEX: 5555011293F50006001F00010000C83101000000000000000000000000000000000000576B9F410000000008E3123F5EC7A5410000C8420A57B4420000000000000000000000000000000034E0B33FE5A5F940F8EE47C3F8EE47C306B7194273CF9941000000000000000073CF99410000000000000000CBEE373FB9A161401C4E384000000000000000000000000000000000000488220000882200000000000000000000E006000000000000000000000000000000000000010000000007070300000000000000000000D8E5E63E6BA6B1400000000000000000C94E6044BAC65F4401DA41FB4016E5783F3A2E793FCE1B793F1CA150001400000006
Длина: 253 байт
  Длина: 253 байт
  Маркер: 5555
  Адрес назначения: 0x01
  Адрес отправителя: 0x12
  Счетчик пакетов: 0x93
  Длина пакетов: 0xF5
  Функция: 0x06
  Адр: 0x1F 0x00
  Размер: 0x01 0x00
  CRC: 0x00
  Первые 16 байт: 5555011293F50006001F00010000C831
  ... и еще 237 байт

Пакет #173 [13:11:00.067]
HEX: 55551201980500080000F500AD
Длина: 13 байт
  Длина: 13 байт
  Маркер: 5555
  Адрес назначения: 0x12
  Адрес отправителя: 0x01
  Счетчик пакетов: 0x98
  Длина пакетов: 0x05
  Функция: 0x08
  Адр: 0x00 0x00
  Размер: 0x00 0xF5
  CRC: 0xAD
  Первые 13 байт: 55551201980500080000F500AD

Пакет #174 [13:11:00.253]
HEX: 5555011298F50006001F00010000C83101000000000000000000000000000000000000576B9F410000000008E3123F5EC7A5410000C8420A57B4420000000000000000000000000000000034E0B33FE5A5F940F8EE47C3F8EE47C306B7194273CF9941000000000000000073CF99410000000000000000CBEE373FB9A161401C4E384000000000000000000000000000000000000488220000882200000000000000000000E006000000000000000000000000000000000000010000000007070300000000000000000000D8E5E63E6BA6B1400000000000000000C94E6044BAC65F4401DA41FB4016E5783F3A2E793FCE1B793F1CA15000140000000B
Длина: 253 байт
  Длина: 253 байт
  Маркер: 5555
  Адрес назначения: 0x01
  Адрес отправителя: 0x12
  Счетчик пакетов: 0x98
  Длина пакетов: 0xF5
  Функция: 0x06
  Адр: 0x1F 0x00
  Размер: 0x01 0x00
  CRC: 0x00
  Первые 16 байт: 5555011298F50006001F00010000C831
  ... и еще 237 байт

Пакет #175 [13:11:00.269]
HEX: 555512019F0500080000F500B4
Длина: 13 байт
  Длина: 13 байт
  Маркер: 5555
  Адрес назначения: 0x12
  Адрес отправителя: 0x01
  Счетчик пакетов: 0x9F
  Длина пакетов: 0x05
  Функция: 0x08
  Адр: 0x00 0x00
  Размер: 0x00 0xF5
  CRC: 0xB4
  Первые 13 байт: 555512019F0500080000F500B4

Пакет #176 [13:11:00.443]
HEX: 555501129FF50006001F00010000C93101000000000000000000000000000000000000576B9F41000000009C30133FFE6FA5410000C8420A57B4420000000000000000000000000000000034E0B33FE5A5F940F8EE47C3F8EE47C306B7194273CF9941000000000000000073CF99410000000000000000CBEE373FB9A161401C4E384000000000000000000000000000000000000487220000872200000000000000000000DF06000000000000000000000000000000000000010000000007070300000000000000000000D8E5E63E6BA6B1400000000000000000BA416044BAC65F44018187FB4016E5783F3A2E793FCE1B793F1DA15000140000000C
Длина: 253 байт
  Длина: 253 байт
  Маркер: 5555
  Адрес назначения: 0x01
  Адрес отправителя: 0x12
  Счетчик пакетов: 0x9F
  Длина пакетов: 0xF5
  Функция: 0x06
  Адр: 0x1F 0x00
  Размер: 0x01 0x00
  CRC: 0x00
  Первые 16 байт: 555501129FF50006001F00010000C931
  ... и еще 237 байт

Пакет #177 [13:11:00.459]
HEX: 55551201A40500080000F500B9
Длина: 13 байт
  Длина: 13 байт
  Маркер: 5555
  Адрес назначения: 0x12
  Адрес отправителя: 0x01
  Счетчик пакетов: 0xA4
  Длина пакетов: 0x05
  Функция: 0x08
  Адр: 0x00 0x00
  Размер: 0x00 0xF5
  CRC: 0xB9
  Первые 13 байт: 55551201A40500080000F500B9

Пакет #178 [13:11:00.630]
HEX: 55550112A4F50006001F00010000C93101000000000000000000000000000000000000576B9F41000000009C30133FFE6FA5410000C8420A57B4420000000000000000000000000000000034E0B33FE5A5F940F8EE47C3F8EE47C306B7194273CF9941000000000000000073CF99410000000000000000CBEE373FB9A161401C4E384000000000000000000000000000000000000487220000872200000000000000000000DF06000000000000000000000000000000000000010000000007070300000000000000000000D8E5E63E6BA6B1400000000000000000BA416044BAC65F44018187FB4016E5783F3A2E793FCE1B793F1DA150001400000011
Длина: 253 байт
  Длина: 253 байт
  Маркер: 5555
  Адрес назначения: 0x01
  Адрес отправителя: 0x12
  Счетчик пакетов: 0xA4
  Длина пакетов: 0xF5
  Функция: 0x06
  Адр: 0x1F 0x00
  Размер: 0x01 0x00
  CRC: 0x00
  Первые 16 байт: 55550112A4F50006001F00010000C931
  ... и еще 237 байт

Пакет #179 [13:11:00.642]
HEX: 55551201A90500080000F500BE
Длина: 13 байт
  Длина: 13 байт
  Маркер: 5555
  Адрес назначения: 0x12
  Адрес отправителя: 0x01
  Счетчик пакетов: 0xA9
  Длина пакетов: 0x05
  Функция: 0x08
  Адр: 0x00 0x00
  Размер: 0x00 0xF5
  CRC: 0xBE
  Первые 13 байт: 55551201A90500080000F500BE

Пакет #180 [13:11:00.823]
HEX: 55550112A9F50006001F00010000C93101000000000000000000000000000000000000576B9F41000000009C30133FFE6FA5410000C8420A57B4420000000000000000000000000000000034E0B33FE5A5F940F8EE47C3F8EE47C306B7194273CF9941000000000000000073CF99410000000000000000CBEE373FB9A161401C4E384000000000000000000000000000000000000487220000872200000000000000000000DF06000000000000000000000000000000000000010000000007070300000000000000000000D8E5E63E6BA6B1400000000000000000BA41604484E45F44018187FB4016E5783F3A2E793FCE1B793F1DA1500014000000FE
Длина: 253 байт
  Длина: 253 байт
  Маркер: 5555
  Адрес назначения: 0x01
  Адрес отправителя: 0x12
  Счетчик пакетов: 0xA9
  Длина пакетов: 0xF5
  Функция: 0x06
  Адр: 0x1F 0x00
  Размер: 0x01 0x00
  CRC: 0x00
  Первые 16 байт: 55550112A9F50006001F00010000C931
  ... и еще 237 байт

Пакет #181 [13:11:00.842]
HEX: 55551201B00500080000F500C5
Длина: 13 байт
  Длина: 13 байт
  Маркер: 5555
  Адрес назначения: 0x12
  Адрес отправителя: 0x01
  Счетчик пакетов: 0xB0
  Длина пакетов: 0x05
  Функция: 0x08
  Адр: 0x00 0x00
  Размер: 0x00 0xF5
  CRC: 0xC5
  Первые 13 байт: 55551201B00500080000F500C5

Пакет #182 [13:11:01.002]
HEX: 55550112B0F50006001F00010000C93101000000000000000000000000000000000000576B9F41000000009C30133FFE6FA5410000C8420A57B4420000000000000000000000000000000034E0B33FE5A5F940F8EE47C3F8EE47C306B7194273CF9941000000000000000073CF99410000000000000000CBEE373FB9A161401C4E384000000000000000000000000000000000000487220000872200000000000000000000DF06000000000000000000000000000000000000010000000007070300000000000000000000D8E5E63E6BA6B1400000000000000000CE67604484E45F44018187FB4016E5783F3A2E793FCE1B793F1DA15000140000003F
Длина: 253 байт
  Длина: 253 байт
  Маркер: 5555
  Адрес назначения: 0x01
  Адрес отправителя: 0x12
  Счетчик пакетов: 0xB0
  Длина пакетов: 0xF5
  Функция: 0x06
  Адр: 0x1F 0x00
  Размер: 0x01 0x00
  CRC: 0x00
  Первые 16 байт: 55550112B0F50006001F00010000C931
  ... и еще 237 байт

Пакет #183 [13:11:01.018]
HEX: 55551201B70500080000F500CC
Длина: 13 байт
  Длина: 13 байт
  Маркер: 5555
  Адрес назначения: 0x12
  Адрес отправителя: 0x01
  Счетчик пакетов: 0xB7
  Длина пакетов: 0x05
  Функция: 0x08
  Адр: 0x00 0x00
  Размер: 0x00 0xF5
  CRC: 0xCC
  Первые 13 байт: 55551201B70500080000F500CC

Пакет #184 [13:11:01.186]
HEX: 55550112B7F50006001F00010000C93101000000000000000000000000000000000000576B9F41000000009C30133FFE6FA5410000C8420A57B4420000000000000000000000000000000034E0B33FE5A5F940F8EE47C3F8EE47C306B7194273CF9941000000000000000073CF99410000000000000000CBEE373FB9A161401C4E384000000000000000000000000000000000000487220000872200000000000000000000DF06000000000000000000000000000000000000010000000007070300000000000000000000D8E5E63E6BA6B1400000000000000000CE67604484E45F44018187FB4016E5783F3A2E793FCE1B793F1DA150001400000046
Длина: 253 байт
  Длина: 253 байт
  Маркер: 5555
  Адрес назначения: 0x01
  Адрес отправителя: 0x12
  Счетчик пакетов: 0xB7
  Длина пакетов: 0xF5
  Функция: 0x06
  Адр: 0x1F 0x00
  Размер: 0x01 0x00
  CRC: 0x00
  Первые 16 байт: 55550112B7F50006001F00010000C931
  ... и еще 237 байт

Пакет #185 [13:11:01.207]
HEX: 55551201BC0500080000F500D1
Длина: 13 байт
  Длина: 13 байт
  Маркер: 5555
  Адрес назначения: 0x12
  Адрес отправителя: 0x01
  Счетчик пакетов: 0xBC
  Длина пакетов: 0x05
  Функция: 0x08
  Адр: 0x00 0x00
  Размер: 0x00 0xF5
  CRC: 0xD1
  Первые 13 байт: 55551201BC0500080000F500D1

Пакет #186 [13:11:01.376]
HEX: 55550112BCF50006001F00010000C93101000000000000000000000000000000000000576B9F41000000009C30133FFE6FA5410000C8420A57B4420000000000000000000000000000000034E0B33FE5A5F940F8EE47C3F8EE47C306B7194273CF9941000000000000000073CF99410000000000000000CBEE373FB9A161401C4E384000000000000000000000000000000000000487220000872200000000000000000000DF06000000000000000000000000000000000000010000000007070300000000000000000000D8E5E63E6BA6B1400000000000000000CE67604484E45F44018187FB4016E5783F3A2E793FCE1B793F1DA15000140000004B
Длина: 253 байт
  Длина: 253 байт
  Маркер: 5555
  Адрес назначения: 0x01
  Адрес отправителя: 0x12
  Счетчик пакетов: 0xBC
  Длина пакетов: 0xF5
  Функция: 0x06
  Адр: 0x1F 0x00
  Размер: 0x01 0x00
  CRC: 0x00
  Первые 16 байт: 55550112BCF50006001F00010000C931
  ... и еще 237 байт

Пакет #187 [13:11:01.392]
HEX: 55551201C10500080000F500D6
Длина: 13 байт
  Длина: 13 байт
  Маркер: 5555
  Адрес назначения: 0x12
  Адрес отправителя: 0x01
  Счетчик пакетов: 0xC1
  Длина пакетов: 0x05
  Функция: 0x08
  Адр: 0x00 0x00
  Размер: 0x00 0xF5
  CRC: 0xD6
  Первые 13 байт: 55551201C10500080000F500D6

Пакет #188 [13:11:01.573]
HEX: 55550112C1F50006001F00010000CA3101000000000000000000000000000000000000576B9F41000000009C30133FFE6FA5410000C8420A57B4420000000000000000000000000000000034E0B33F432DF940F8EE47C3F8EE47C38EB7194273CF9941000000000000000073CF99410000000000000000CBEE373F0CA36140194E384000000000000000000000000000000000000486220000862200000000000000000000DE06000000000000000000000000000000000000010000000007070300000000000000000000D8E5E63E6BA6B1400000000000000000D43F6044F105604401CC47FB40F1E5783F3A2E793FCA1B793F1EA15000140000005E
Длина: 253 байт
  Длина: 253 байт
  Маркер: 5555
  Адрес назначения: 0x01
  Адрес отправителя: 0x12
  Счетчик пакетов: 0xC1
  Длина пакетов: 0xF5
  Функция: 0x06
  Адр: 0x1F 0x00
  Размер: 0x01 0x00
  CRC: 0x00
  Первые 16 байт: 55550112C1F50006001F00010000CA31
  ... и еще 237 байт

Пакет #189 [13:11:01.584]
HEX: 55551201C70500080000F500DC
Длина: 13 байт
  Длина: 13 байт
  Маркер: 5555
  Адрес назначения: 0x12
  Адрес отправителя: 0x01
  Счетчик пакетов: 0xC7
  Длина пакетов: 0x05
  Функция: 0x08
  Адр: 0x00 0x00
  Размер: 0x00 0xF5
  CRC: 0xDC
  Первые 13 байт: 55551201C70500080000F500DC

Пакет #190 [13:11:01.769]
HEX: 55550112C7F50006001F00010000CA3101000000000000000000000000000000000000576B9F41000000009C30133FFE6FA5410000C8420A57B4420000000000000000000000000000000034E0B33F432DF940F8EE47C3F8EE47C38EB7194273CF9941000000000000000073CF99410000000000000000CBEE373F0CA36140194E384000000000000000000000000000000000000486220000862200000000000000000000DE06000000000000000000000000000000000000010000000007070300000000000000000000D8E5E63E6BA6B1400000000000000000D43F6044F105604401CC47FB40F1E5783F3A2E793FCA1B793F1EA150001400000064
Длина: 253 байт
  Длина: 253 байт
  Маркер: 5555
  Адрес назначения: 0x01
  Адрес отправителя: 0x12
  Счетчик пакетов: 0xC7
  Длина пакетов: 0xF5
  Функция: 0x06
  Адр: 0x1F 0x00
  Размер: 0x01 0x00
  CRC: 0x00
  Первые 16 байт: 55550112C7F50006001F00010000CA31
  ... и еще 237 байт

Пакет #191 [13:11:01.780]
HEX: 55551201CD0500080000F500E2
Длина: 13 байт
  Длина: 13 байт
  Маркер: 5555
  Адрес назначения: 0x12
  Адрес отправителя: 0x01
  Счетчик пакетов: 0xCD
  Длина пакетов: 0x05
  Функция: 0x08
  Адр: 0x00 0x00
  Размер: 0x00 0xF5
  CRC: 0xE2
  Первые 13 байт: 55551201CD0500080000F500E2

Пакет #192 [13:11:01.961]
HEX: 55550112CDF50006001F00010000CA3101000000000000000000000000000000000000576B9F41000000009C30133FFE6FA5410000C8420A57B4420000000000000000000000000000000034E0B33F432DF940F8EE47C3F8EE47C38EB7194273CF9941000000000000000073CF99410000000000000000CBEE373F0CA36140194E384000000000000000000000000000000000000486220000862200000000000000000000DE06000000000000000000000000000000000000010000000007070300000000000000000000D8E5E63E6BA6B1400000000000000000D43F6044F105604401CC47FB40F1E5783F3A2E793FCA1B793F1EA15000140000006A
Длина: 253 байт
  Длина: 253 байт
  Маркер: 5555
  Адрес назначения: 0x01
  Адрес отправителя: 0x12
  Счетчик пакетов: 0xCD
  Длина пакетов: 0xF5
  Функция: 0x06
  Адр: 0x1F 0x00
  Размер: 0x01 0x00
  CRC: 0x00
  Первые 16 байт: 55550112CDF50006001F00010000CA31
  ... и еще 237 байт

Пакет #193 [13:11:01.972]
HEX: 55551201D30500080000F500E8
Длина: 13 байт
  Длина: 13 байт
  Маркер: 5555
  Адрес назначения: 0x12
  Адрес отправителя: 0x01
  Счетчик пакетов: 0xD3
  Длина пакетов: 0x05
  Функция: 0x08
  Адр: 0x00 0x00
  Размер: 0x00 0xF5
  CRC: 0xE8
  Первые 13 байт: 55551201D30500080000F500E8

Пакет #194 [13:11:02.151]
HEX: 55550112D3F50006001F00010000CA31010000000000000000000000000000000000009D6B9F41000000009C30133FFE6FA5410000C8420A57B44200000000000000000000000000000000A498B33F432DF940F8EE47C3F8EE47C38EB71942A8CF99410000000000000000A8CF99410000000000000000FAEE373F0CA36140194E384000000000000000000000000000000000000486220000862200000000000000000000DE0600000000000000000000000000000000000001000000000707030000000000000000000012E6E63E3B97B1400000000000000000CC8160445A825F4401CC47FB40F1E5783F792E793FCA1B793F1EA1500014000000D1
Длина: 253 байт
  Длина: 253 байт
  Маркер: 5555
  Адрес назначения: 0x01
  Адрес отправителя: 0x12
  Счетчик пакетов: 0xD3
  Длина пакетов: 0xF5
  Функция: 0x06
  Адр: 0x1F 0x00
  Размер: 0x01 0x00
  CRC: 0x00
  Первые 16 байт: 55550112D3F50006001F00010000CA31
  ... и еще 237 байт

Пакет #195 [13:11:02.167]
HEX: 55551201DA0500080000F500EF
Длина: 13 байт
  Длина: 13 байт
  Маркер: 5555
  Адрес назначения: 0x12
  Адрес отправителя: 0x01
  Счетчик пакетов: 0xDA
  Длина пакетов: 0x05
  Функция: 0x08
  Адр: 0x00 0x00
  Размер: 0x00 0xF5
  CRC: 0xEF
  Первые 13 байт: 55551201DA0500080000F500EF

Пакет #196 [13:11:02.349]
HEX: 55550112DAF50006001F00010000CA31010000000000000000000000000000000000009D6B9F41000000009C30133FFE6FA5410000C8420A57B44200000000000000000000000000000000A498B33F432DF940F8EE47C3F8EE47C38EB71942A8CF99410000000000000000A8CF99410000000000000000FAEE373F0CA36140194E384000000000000000000000000000000000000486220000862200000000000000000000DE0600000000000000000000000000000000000001000000000707030000000000000000000012E6E63E3B97B1400000000000000000CC8160445A825F4401CC47FB40F1E5783F792E793FCA1B793F1EA1500014000000D8
Длина: 253 байт
  Длина: 253 байт
  Маркер: 5555
  Адрес назначения: 0x01
  Адрес отправителя: 0x12
  Счетчик пакетов: 0xDA
  Длина пакетов: 0xF5
  Функция: 0x06
  Адр: 0x1F 0x00
  Размер: 0x01 0x00
  CRC: 0x00
  Первые 16 байт: 55550112DAF50006001F00010000CA31
  ... и еще 237 байт

Пакет #197 [13:11:02.361]
HEX: 55551201DF0500080000F500F4
Длина: 13 байт
  Длина: 13 байт
  Маркер: 5555
  Адрес назначения: 0x12
  Адрес отправителя: 0x01
  Счетчик пакетов: 0xDF
  Длина пакетов: 0x05
  Функция: 0x08
  Адр: 0x00 0x00
  Размер: 0x00 0xF5
  CRC: 0xF4
  Первые 13 байт: 55551201DF0500080000F500F4

Пакет #198 [13:11:02.538]
HEX: 55550112DFF50006001F00010000CB31010000000000000000000000000000000000009D6B9F4100000000A42B133F9475A5410000C8420A57B44200000000000000000000000000000000A498B33F432DF940F8EE47C3F8EE47C38EB71942A8CF99410000000000000000A8CF99410000000000000000FAEE373F0CA36140194E384000000000000000000000000000000000000485220000852200000000000000000000DD0600000000000000000000000000000000000001000000000707030000000000000000000012E6E63E3B97B1400000000000000000CC8160445A825F44011897FC40F1E5783F792E793FCA1B793F1FA150001400000018
Длина: 253 байт
  Длина: 253 байт
  Маркер: 5555
  Адрес назначения: 0x01
  Адрес отправителя: 0x12
  Счетчик пакетов: 0xDF
  Длина пакетов: 0xF5
  Функция: 0x06
  Адр: 0x1F 0x00
  Размер: 0x01 0x00
  CRC: 0x00
  Первые 16 байт: 55550112DFF50006001F00010000CB31
  ... и еще 237 байт

Пакет #199 [13:11:02.549]
HEX: 55551201E30500080000F500F8
Длина: 13 байт
  Длина: 13 байт
  Маркер: 5555
  Адрес назначения: 0x12
  Адрес отправителя: 0x01
  Счетчик пакетов: 0xE3
  Длина пакетов: 0x05
  Функция: 0x08
  Адр: 0x00 0x00
  Размер: 0x00 0xF5
  CRC: 0xF8
  Первые 13 байт: 55551201E30500080000F500F8

Пакет #200 [13:11:02.727]
HEX: 55550112E3F50006001F00010000CB31010000000000000000000000000000000000009D6B9F4100000000A42B133F9475A5410000C8420A57B44200000000000000000000000000000000A498B33F432DF940F8EE47C3F8EE47C38EB71942A8CF99410000000000000000A8CF99410000000000000000FAEE373F0CA36140194E384000000000000000000000000000000000000485220000852200000000000000000000DD0600000000000000000000000000000000000001000000000707030000000000000000000012E6E63E3B97B14000000000000000003E8660445A825F44011897FC40F1E5783F792E793FCA1B793F1FA150001400000093
Длина: 253 байт
  Длина: 253 байт
  Маркер: 5555
  Адрес назначения: 0x01
  Адрес отправителя: 0x12
  Счетчик пакетов: 0xE3
  Длина пакетов: 0xF5
  Функция: 0x06
  Адр: 0x1F 0x00
  Размер: 0x01 0x00
  CRC: 0x00
  Первые 16 байт: 55550112E3F50006001F00010000CB31
  ... и еще 237 байт

Пакет #201 [13:11:02.739]
HEX: 55551201EB0500080000F50000
Длина: 13 байт
  Длина: 13 байт
  Маркер: 5555
  Адрес назначения: 0x12
  Адрес отправителя: 0x01
  Счетчик пакетов: 0xEB
  Длина пакетов: 0x05
  Функция: 0x08
  Адр: 0x00 0x00
  Размер: 0x00 0xF5
  CRC: 0x00
  Первые 13 байт: 55551201EB0500080000F50000

Пакет #202 [13:11:02.927]
HEX: 55550112EBF50006001F00010000CB31010000000000000000000000000000000000009D6B9F4100000000A42B133F9475A5410000C8420A57B44200000000000000000000000000000000A498B33F432DF940F8EE47C3F8EE47C38EB71942A8CF99410000000000000000A8CF99410000000000000000FAEE373F0CA36140194E384000000000000000000000000000000000000485220000852200000000000000000000DD0600000000000000000000000000000000000001000000000707030000000000000000000012E6E63E3B97B14000000000000000003E866044D8B15F44011897FC40F1E5783F792E793FCA1B793F1FA150001400000048
Длина: 253 байт
  Длина: 253 байт
  Маркер: 5555
  Адрес назначения: 0x01
  Адрес отправителя: 0x12
  Счетчик пакетов: 0xEB
  Длина пакетов: 0xF5
  Функция: 0x06
  Адр: 0x1F 0x00
  Размер: 0x01 0x00
  CRC: 0x00
  Первые 16 байт: 55550112EBF50006001F00010000CB31
  ... и еще 237 байт

Пакет #203 [13:11:02.928]
HEX: 55551201F10500080000F50006
Длина: 13 байт
  Длина: 13 байт
  Маркер: 5555
  Адрес назначения: 0x12
  Адрес отправителя: 0x01
  Счетчик пакетов: 0xF1
  Длина пакетов: 0x05
  Функция: 0x08
  Адр: 0x00 0x00
  Размер: 0x00 0xF5
  CRC: 0x06
  Первые 13 байт: 55551201F10500080000F50006

Пакет #204 [13:11:03.106]
HEX: 55550112F1F50006001F00010000CB31010000000000000000000000000000000000009D6B9F4100000000A42B133F9475A5410000C8420A57B44200000000000000000000000000000000A498B33F432DF940F8EE47C3F8EE47C38EB71942A8CF99410000000000000000A8CF99410000000000000000FAEE373FE7A36140CC4E384000000000000000000000000000000000000485220000852200000000000000000000DD0600000000000000000000000000000000000001000000000707030000000000000000000012E6E63E3B97B14000000000000000003E866044D8B15F44011897FC40F1E5783F792E793FBB1C793F1FA1500014000000CE
Длина: 253 байт
  Длина: 253 байт
  Маркер: 5555
  Адрес назначения: 0x01
  Адрес отправителя: 0x12
  Счетчик пакетов: 0xF1
  Длина пакетов: 0xF5
  Функция: 0x06
  Адр: 0x1F 0x00
  Размер: 0x01 0x00
  CRC: 0x00
  Первые 16 байт: 55550112F1F50006001F00010000CB31
  ... и еще 237 байт

Пакет #205 [13:11:03.118]
HEX: 55551201F60500080000F5000B
Длина: 13 байт
  Длина: 13 байт
  Маркер: 5555
  Адрес назначения: 0x12
  Адрес отправителя: 0x01
  Счетчик пакетов: 0xF6
  Длина пакетов: 0x05
  Функция: 0x08
  Адр: 0x00 0x00
  Размер: 0x00 0xF5
  CRC: 0x0B
  Первые 13 байт: 55551201F60500080000F5000B

Пакет #206 [13:11:03.297]
HEX: 55550112F6F50006001F00010000CB31010000000000000000000000000000000000009D6B9F4100000000A42B133F9475A5410000C8420A57B44200000000000000000000000000000000A498B33F432DF940F8EE47C3F8EE47C38EB71942A8CF99410000000000000000A8CF99410000000000000000FAEE373FE7A36140CC4E384000000000000000000000000000000000000485220000852200000000000000000000DD0600000000000000000000000000000000000001000000000707030000000000000000000012E6E63E3B97B1400000000000000000D15F6044D8B15F44011897FC40F1E5783F792E793FBB1C793F1FA15000140000003F
Длина: 253 байт
  Длина: 253 байт
  Маркер: 5555
  Адрес назначения: 0x01
  Адрес отправителя: 0x12
  Счетчик пакетов: 0xF6
  Длина пакетов: 0xF5
  Функция: 0x06
  Адр: 0x1F 0x00
  Размер: 0x01 0x00
  CRC: 0x00
  Первые 16 байт: 55550112F6F50006001F00010000CB31
  ... и еще 237 байт

Пакет #207 [13:11:03.319]
HEX: 55551201FC0500080000F50011
Длина: 13 байт
  Длина: 13 байт
  Маркер: 5555
  Адрес назначения: 0x12
  Адрес отправителя: 0x01
  Счетчик пакетов: 0xFC
  Длина пакетов: 0x05
  Функция: 0x08
  Адр: 0x00 0x00
  Размер: 0x00 0xF5
  CRC: 0x11
  Первые 13 байт: 55551201FC0500080000F50011

Пакет #208 [13:11:03.496]
HEX: 55550112FCF50006001F00010000CC31010000000000000000000000000000000000009D6B9F4100000000A42B133F9475A5410000C8420A57B44200000000000000000000000000000000A498B33F432DF940F8EE47C3F8EE47C38EB71942A8CF99410000000000000000A8CF99410000000000000000FAEE373FE7A36140CC4E384000000000000000000000000000000000000484220000842200000000000000000000DC0600000000000000000000000000000000000001000000000707030000000000000000000012E6E63E3B97B1400000000000000000D15F60444516604401326BFC40F1E5783F792E793FBB1C793F20A150001400000005
Длина: 253 байт
  Длина: 253 байт
  Маркер: 5555
  Адрес назначения: 0x01
  Адрес отправителя: 0x12
  Счетчик пакетов: 0xFC
  Длина пакетов: 0xF5
  Функция: 0x06
  Адр: 0x1F 0x00
  Размер: 0x01 0x00
  CRC: 0x00
  Первые 16 байт: 55550112FCF50006001F00010000CC31
  ... и еще 237 байт

Пакет #209 [13:11:03.507]
HEX: 55551201010500080000F50016
Длина: 13 байт
  Длина: 13 байт
  Маркер: 5555
  Адрес назначения: 0x12
  Адрес отправителя: 0x01
  Счетчик пакетов: 0x01
  Длина пакетов: 0x05
  Функция: 0x08
  Адр: 0x00 0x00
  Размер: 0x00 0xF5
  CRC: 0x16
  Первые 13 байт: 55551201010500080000F50016

Пакет #210 [13:11:03.687]
HEX: 5555011201F50006001F00010000CC31010000000000000000000000000000000000009D6B9F4100000000A42B133F9475A5410000C8420A57B44200000000000000000000000000000000A498B33F432DF940F8EE47C3F8EE47C38EB71942A8CF99410000000000000000A8CF99410000000000000000FAEE373FE7A36140CC4E384000000000000000000000000000000000000484220000842200000000000000000000DC0600000000000000000000000000000000000001000000000707030000000000000000000012E6E63E3B97B1400000000000000000D15F60444516604401326BFC40F1E5783F792E793FBB1C793F20A15000140000000A
Длина: 253 байт
  Длина: 253 байт
  Маркер: 5555
  Адрес назначения: 0x01
  Адрес отправителя: 0x12
  Счетчик пакетов: 0x01
  Длина пакетов: 0xF5
  Функция: 0x06
  Адр: 0x1F 0x00
  Размер: 0x01 0x00
  CRC: 0x00
  Первые 16 байт: 5555011201F50006001F00010000CC31
  ... и еще 237 байт

Пакет #211 [13:11:03.698]
HEX: 55551201080500080000F5001D
Длина: 13 байт
  Длина: 13 байт
  Маркер: 5555
  Адрес назначения: 0x12
  Адрес отправителя: 0x01
  Счетчик пакетов: 0x08
  Длина пакетов: 0x05
  Функция: 0x08
  Адр: 0x00 0x00
  Размер: 0x00 0xF5
  CRC: 0x1D
  Первые 13 байт: 55551201080500080000F5001D

Пакет #212 [13:11:03.873]
HEX: 5555011208F50006001F00010000CC31010000000000000000000000000000000000009D6B9F4100000000A42B133F9475A5410000C8420A57B44200000000000000000000000000000000A498B33F432DF940F8EE47C3F8EE47C38EB71942A8CF99410000000000000000A8CF99410000000000000000FAEE373FE7A36140CC4E384000000000000000000000000000000000000484220000842200000000000000000000DC0600000000000000000000000000000000000001000000000707030000000000000000000012E6E63E3B97B1400000000000000000A84660444516604401326BFC40F1E5783F792E793FBB1C793F20A1500014000000CF
Длина: 253 байт
  Длина: 253 байт
  Маркер: 5555
  Адрес назначения: 0x01
  Адрес отправителя: 0x12
  Счетчик пакетов: 0x08
  Длина пакетов: 0xF5
  Функция: 0x06
  Адр: 0x1F 0x00
  Размер: 0x01 0x00
  CRC: 0x00
  Первые 16 байт: 5555011208F50006001F00010000CC31
  ... и еще 237 байт

Пакет #213 [13:11:03.890]
HEX: 555512010D0500080000F50022
Длина: 13 байт
  Длина: 13 байт
  Маркер: 5555
  Адрес назначения: 0x12
  Адрес отправителя: 0x01
  Счетчик пакетов: 0x0D
  Длина пакетов: 0x05
  Функция: 0x08
  Адр: 0x00 0x00
  Размер: 0x00 0xF5
  CRC: 0x22
  Первые 13 байт: 555512010D0500080000F50022

Пакет #214 [13:11:04.067]
HEX: 555501120DF50006001F00010000CC31010000000000000000000000000000000000009D6B9F4100000000A42B133F9475A5410000C8420A57B44200000000000000000000000000000000A498B33F432DF940F8EE47C3F8EE47C38EB71942A8CF99410000000000000000A8CF99410000000000000000FAEE373FE7A36140CC4E384000000000000000000000000000000000000484220000842200000000000000000000DC0600000000000000000000000000000000000001000000000707030000000000000000000012E6E63E3B97B1400000000000000000A84660444516604401326BFC40F1E5783F792E793FBB1C793F20A1500014000000D4
Длина: 253 байт
  Длина: 253 байт
  Маркер: 5555
  Адрес назначения: 0x01
  Адрес отправителя: 0x12
  Счетчик пакетов: 0x0D
  Длина пакетов: 0xF5
  Функция: 0x06
  Адр: 0x1F 0x00
  Размер: 0x01 0x00
  CRC: 0x00
  Первые 16 байт: 555501120DF50006001F00010000CC31
  ... и еще 237 байт

Пакет #215 [13:11:04.079]
HEX: 55551201140500080000F50029
Длина: 13 байт
  Длина: 13 байт
  Маркер: 5555
  Адрес назначения: 0x12
  Адрес отправителя: 0x01
  Счетчик пакетов: 0x14
  Длина пакетов: 0x05
  Функция: 0x08
  Адр: 0x00 0x00
  Размер: 0x00 0xF5
  CRC: 0x29
  Первые 13 байт: 55551201140500080000F50029

Пакет #216 [13:11:04.266]
HEX: 5555011214F50006001F00010000CC31010000000000000000000000000000000000009D6B9F4100000000A42B133F9475A5410000C8420A57B44200000000000000000000000000000000A498B33FBEDFF940F8EE47C3F8EE47C3D4BC1942A8CF99410000000000000000A8CF99410000000000000000FAEE373FE7A36140CC4E384000000000000000000000000000000000000484220000842200000000000000000000DC0600000000000000000000000000000000000001000000000707030000000000000000000012E6E63E3B97B1400000000000000000A84660441FF05F4401326BFC405EE6783F792E793FBB1C793F20A150001400000074
Длина: 253 байт
  Длина: 253 байт
  Маркер: 5555
  Адрес назначения: 0x01
  Адрес отправителя: 0x12
  Счетчик пакетов: 0x14
  Длина пакетов: 0xF5
  Функция: 0x06
  Адр: 0x1F 0x00
  Размер: 0x01 0x00
  CRC: 0x00
  Первые 16 байт: 5555011214F50006001F00010000CC31
  ... и еще 237 байт

Пакет #217 [13:11:04.278]
HEX: 55551201190500080000F5002E
Длина: 13 байт
  Длина: 13 байт
  Маркер: 5555
  Адрес назначения: 0x12
  Адрес отправителя: 0x01
  Счетчик пакетов: 0x19
  Длина пакетов: 0x05
  Функция: 0x08
  Адр: 0x00 0x00
  Размер: 0x00 0xF5
  CRC: 0x2E
  Первые 13 байт: 55551201190500080000F5002E

Пакет #218 [13:11:04.449]
HEX: 5555011219F50006001F00010000CD31010000000000000000000000000000000000009D6B9F4100000000A42B133F9475A5410000C8420A57B44200000000000000000000000000000000A498B33FBEDFF940F8EE47C3F8EE47C3D4BC1942A8CF99410000000000000000A8CF99410000000000000000FAEE373FE7A36140CC4E384000000000000000000000000000000000000483220000832200000000000000000000DB0600000000000000000000000000000000000001000000000707030000000000000000000012E6E63E3B97B1400000000000000000962760441FF05F4401C891FC405EE6783F792E793FBB1C793F21A150001400000003
Длина: 253 байт
  Длина: 253 байт
  Маркер: 5555
  Адрес назначения: 0x01
  Адрес отправителя: 0x12
  Счетчик пакетов: 0x19
  Длина пакетов: 0xF5
  Функция: 0x06
  Адр: 0x1F 0x00
  Размер: 0x01 0x00
  CRC: 0x00
  Первые 16 байт: 5555011219F50006001F00010000CD31
  ... и еще 237 байт

Пакет #219 [13:11:04.476]
HEX: 555512011E0500080000F50033
Длина: 13 байт
  Длина: 13 байт
  Маркер: 5555
  Адрес назначения: 0x12
  Адрес отправителя: 0x01
  Счетчик пакетов: 0x1E
  Длина пакетов: 0x05
  Функция: 0x08
  Адр: 0x00 0x00
  Размер: 0x00 0xF5
  CRC: 0x33
  Первые 13 байт: 555512011E0500080000F50033

Пакет #220 [13:11:04.650]
HEX: 555501121EF50006001F00010000CD3101000000000000000000000000000000000000C06B9F4100000000A42B133F9475A5410000C8420A57B44200000000000000000000000000000000E841B43FBEDFF940F8EE47C3F8EE47C3D4BC1942C3CF99410000000000000000C3CF9941000000000000000011EF373FCFA46140C84F384000000000000000000000000000000000000483220000832200000000000000000000DB0600000000000000000000000000000000000001000000000707030000000000000000000030E6E63E356FB1400000000000000000962760441FF05F4401C891FC405EE6783F992E793F411C793F21A1500014000000E3
Длина: 253 байт
  Длина: 253 байт
  Маркер: 5555
  Адрес назначения: 0x01
  Адрес отправителя: 0x12
  Счетчик пакетов: 0x1E
  Длина пакетов: 0xF5
  Функция: 0x06
  Адр: 0x1F 0x00
  Размер: 0x01 0x00
  CRC: 0x00
  Первые 16 байт: 555501121EF50006001F00010000CD31
  ... и еще 237 байт

Пакет #221 [13:11:04.661]
HEX: 55551201260500080000F5003B
Длина: 13 байт
  Длина: 13 байт
  Маркер: 5555
  Адрес назначения: 0x12
  Адрес отправителя: 0x01
  Счетчик пакетов: 0x26
  Длина пакетов: 0x05
  Функция: 0x08
  Адр: 0x00 0x00
  Размер: 0x00 0xF5
  CRC: 0x3B
  Первые 13 байт: 55551201260500080000F5003B

Пакет #222 [13:11:04.839]
HEX: 5555011226F50006001F00010000CD3101000000000000000000000000000000000000C06B9F4100000000A42B133F9475A5410000C8420A57B44200000000000000000000000000000000E841B43FBEDFF940F8EE47C3F8EE47C3D4BC1942C3CF99410000000000000000C3CF9941000000000000000011EF373FCFA46140C84F384000000000000000000000000000000000000483220000832200000000000000000000DB0600000000000000000000000000000000000001000000000707030000000000000000000030E6E63E356FB140000000000000000096276044E417604401C891FC405EE6783F992E793F411C793F21A1500014000000D8
Длина: 253 байт
  Длина: 253 байт
  Маркер: 5555
  Адрес назначения: 0x01
  Адрес отправителя: 0x12
  Счетчик пакетов: 0x26
  Длина пакетов: 0xF5
  Функция: 0x06
  Адр: 0x1F 0x00
  Размер: 0x01 0x00
  CRC: 0x00
  Первые 16 байт: 5555011226F50006001F00010000CD31
  ... и еще 237 байт

Пакет #223 [13:11:04.851]
HEX: 555512012C0500080000F50041
Длина: 13 байт
  Длина: 13 байт
  Маркер: 5555
  Адрес назначения: 0x12
  Адрес отправителя: 0x01
  Счетчик пакетов: 0x2C
  Длина пакетов: 0x05
  Функция: 0x08
  Адр: 0x00 0x00
  Размер: 0x00 0xF5
  CRC: 0x41
  Первые 13 байт: 555512012C0500080000F50041

Пакет #224 [13:11:05.030]
HEX: 555501122CF50006001F00010000CD3101000000000000000000000000000000000000C06B9F4100000000A42B133F9475A5410000C8420A57B44200000000000000000000000000000000E841B43FBEDFF940F8EE47C3F8EE47C3D4BC1942C3CF99410000000000000000C3CF9941000000000000000011EF373FCFA46140C84F384000000000000000000000000000000000000483220000832200000000000000000000DB0600000000000000000000000000000000000001000000000707030000000000000000000030E6E63E356FB1400000000000000000A5176044E417604401C891FC405EE6783F992E793F411C793F21A1500014000000DD
Длина: 253 байт
  Длина: 253 байт
  Маркер: 5555
  Адрес назначения: 0x01
  Адрес отправителя: 0x12
  Счетчик пакетов: 0x2C
  Длина пакетов: 0xF5
  Функция: 0x06
  Адр: 0x1F 0x00
  Размер: 0x01 0x00
  CRC: 0x00
  Первые 16 байт: 555501122CF50006001F00010000CD31
  ... и еще 237 байт

Пакет #225 [13:11:05.043]
HEX: 55551201300500080000F50045
Длина: 13 байт
  Длина: 13 байт
  Маркер: 5555
  Адрес назначения: 0x12
  Адрес отправителя: 0x01
  Счетчик пакетов: 0x30
  Длина пакетов: 0x05
  Функция: 0x08
  Адр: 0x00 0x00
  Размер: 0x00 0xF5
  CRC: 0x45
  Первые 13 байт: 55551201300500080000F50045

Пакет #226 [13:11:05.205]
HEX: 5555011230F50006001F00010000CD3101000000000000000000000000000000000000C06B9F4100000000A42B133F9475A5410000C8420A57B44200000000000000000000000000000000E841B43FBEDFF940F8EE47C3F8EE47C3D4BC1942C3CF99410000000000000000C3CF9941000000000000000011EF373FCFA46140C84F384000000000000000000000000000000000000483220000832200000000000000000000DB0600000000000000000000000000000000000001000000000707030000000000000000000030E6E63E356FB1400000000000000000A5176044E417604401C891FC405EE6783F992E793F411C793F21A1500014000000E1
Длина: 253 байт
  Длина: 253 байт
  Маркер: 5555
  Адрес назначения: 0x01
  Адрес отправителя: 0x12
  Счетчик пакетов: 0x30
  Длина пакетов: 0xF5
  Функция: 0x06
  Адр: 0x1F 0x00
  Размер: 0x01 0x00
  CRC: 0x00
  Первые 16 байт: 5555011230F50006001F00010000CD31
  ... и еще 237 байт

Пакет #227 [13:11:05.227]
HEX: 55551201370500080000F5004C
Длина: 13 байт
  Длина: 13 байт
  Маркер: 5555
  Адрес назначения: 0x12
  Адрес отправителя: 0x01
  Счетчик пакетов: 0x37
  Длина пакетов: 0x05
  Функция: 0x08
  Адр: 0x00 0x00
  Размер: 0x00 0xF5
  CRC: 0x4C
  Первые 13 байт: 55551201370500080000F5004C

Пакет #228 [13:11:05.407]
HEX: 5555011237F50006001F00010000CE3101000000000000000000000000000000000000C06B9F41000000002829133F5F78A5410000C8420A57B44200000000000000000000000000000000E841B43FBEDFF940F8EE47C3F8EE47C3D4BC1942C3CF99410000000000000000C3CF9941000000000000000011EF373FCFA46140C84F384000000000000000000000000000000000000482220000822200000000000000000000DA0600000000000000000000000000000000000001000000000707030000000000000000000030E6E63E356FB1400000000000000000A5176044E4176044010311FC405EE6783F992E793F411C793F22A1500014000000F2
Длина: 253 байт
  Длина: 253 байт
  Маркер: 5555
  Адрес назначения: 0x01
  Адрес отправителя: 0x12
  Счетчик пакетов: 0x37
  Длина пакетов: 0xF5
  Функция: 0x06
  Адр: 0x1F 0x00
  Размер: 0x01 0x00
  CRC: 0x00
  Первые 16 байт: 5555011237F50006001F00010000CE31
  ... и еще 237 байт

Пакет #229 [13:11:05.408]
HEX: 555512013C0500080000F50051
Длина: 13 байт
  Длина: 13 байт
  Маркер: 5555
  Адрес назначения: 0x12
  Адрес отправителя: 0x01
  Счетчик пакетов: 0x3C
  Длина пакетов: 0x05
  Функция: 0x08
  Адр: 0x00 0x00
  Размер: 0x00 0xF5
  CRC: 0x51
  Первые 13 байт: 555512013C0500080000F50051

Пакет #230 [13:11:05.593]
HEX: 555501123CF50006001F00010000CE3101000000000000000000000000000000000000C06B9F41000000002829133F5F78A5410000C8420A57B44200000000000000000000000000000000E841B43FBEDFF940F8EE47C3F8EE47C3D4BC1942C3CF99410000000000000000C3CF9941000000000000000011EF373FCFA46140C84F384000000000000000000000000000000000000482220000822200000000000000000000DA0600000000000000000000000000000000000001000000000707030000000000000000000030E6E63E356FB1400000000000000000BB376044B9F05F44010311FC405EE6783F992E793F411C793F22A1500014000000DA
Длина: 253 байт
  Длина: 253 байт
  Маркер: 5555
  Адрес назначения: 0x01
  Адрес отправителя: 0x12
  Счетчик пакетов: 0x3C
  Длина пакетов: 0xF5
  Функция: 0x06
  Адр: 0x1F 0x00
  Размер: 0x01 0x00
  CRC: 0x00
  Первые 16 байт: 555501123CF50006001F00010000CE31
  ... и еще 237 байт

Пакет #231 [13:11:05.604]
HEX: 55551201410500080000F50056
Длина: 13 байт
  Длина: 13 байт
  Маркер: 5555
  Адрес назначения: 0x12
  Адрес отправителя: 0x01
  Счетчик пакетов: 0x41
  Длина пакетов: 0x05
  Функция: 0x08
  Адр: 0x00 0x00
  Размер: 0x00 0xF5
  CRC: 0x56
  Первые 13 байт: 55551201410500080000F50056

Пакет #232 [13:11:05.786]
HEX: 5555011241F50006001F00010000CE3101000000000000000000000000000000000000C06B9F41000000002829133F5F78A5410000C8420A57B44200000000000000000000000000000000E841B43FBEDFF940F8EE47C3F8EE47C3D4BC1942C3CF99410000000000000000C3CF9941000000000000000011EF373FCFA46140C84F384000000000000000000000000000000000000482220000822200000000000000000000DA0600000000000000000000000000000000000001000000000707030000000000000000000030E6E63E356FB1400000000000000000BB376044B9F05F44010311FC405EE6783F992E793F411C793F22A1500014000000DF
Длина: 253 байт
  Длина: 253 байт
  Маркер: 5555
  Адрес назначения: 0x01
  Адрес отправителя: 0x12
  Счетчик пакетов: 0x41
  Длина пакетов: 0xF5
  Функция: 0x06
  Адр: 0x1F 0x00
  Размер: 0x01 0x00
  CRC: 0x00
  Первые 16 байт: 5555011241F50006001F00010000CE31
  ... и еще 237 байт

Пакет #233 [13:11:05.798]
HEX: 55551201470500080000F5005C
Длина: 13 байт
  Длина: 13 байт
  Маркер: 5555
  Адрес назначения: 0x12
  Адрес отправителя: 0x01
  Счетчик пакетов: 0x47
  Длина пакетов: 0x05
  Функция: 0x08
  Адр: 0x00 0x00
  Размер: 0x00 0xF5
  CRC: 0x5C
  Первые 13 байт: 55551201470500080000F5005C

Пакет #234 [13:11:05.970]
HEX: 5555011247F50006001F00010000CE3101000000000000000000000000000000000000C06B9F41000000002829133F5F78A5410000C8420A57B44200000000000000000000000000000000E841B43FBEDFF940F8EE47C3F8EE47C3D4BC1942C3CF99410000000000000000C3CF9941000000000000000011EF373FCFA46140C84F384000000000000000000000000000000000000482220000822200000000000000000000DA0600000000000000000000000000000000000001000000000707030000000000000000000030E6E63E356FB1400000000000000000BB376044B9F05F44010311FC405EE6783F992E793F411C793F22A1500014000000E5
Длина: 253 байт
  Длина: 253 байт
  Маркер: 5555
  Адрес назначения: 0x01
  Адрес отправителя: 0x12
  Счетчик пакетов: 0x47
  Длина пакетов: 0xF5
  Функция: 0x06
  Адр: 0x1F 0x00
  Размер: 0x01 0x00
  CRC: 0x00
  Первые 16 байт: 5555011247F50006001F00010000CE31
  ... и еще 237 байт

Пакет #235 [13:11:05.989]
HEX: 555512014E0500080000F50063
Длина: 13 байт
  Длина: 13 байт
  Маркер: 5555
  Адрес назначения: 0x12
  Адрес отправителя: 0x01
  Счетчик пакетов: 0x4E
  Длина пакетов: 0x05
  Функция: 0x08
  Адр: 0x00 0x00
  Размер: 0x00 0xF5
  CRC: 0x63
  Первые 13 байт: 555512014E0500080000F50063

Пакет #236 [13:11:06.166]
HEX: 555501124EF50006001F00010000CE3101000000000000000000000000000000000000C06B9F41000000002829133F5F78A5410000C8420A57B44200000000000000000000000000000000E841B43FBEDFF940F8EE47C3F8EE47C3D4BC1942C3CF99410000000000000000C3CF9941000000000000000011EF373F97A46140F150384000000000000000000000000000000000000482220000822200000000000000000000DA0600000000000000000000000000000000000001000000000707030000000000000000000030E6E63E356FB1400000000000000000E1F45F44B9F05F44010311FC405EE6783F992E793F041C793F22A150001400000083
Длина: 253 байт
  Длина: 253 байт
  Маркер: 5555
  Адрес назначения: 0x01
  Адрес отправителя: 0x12
  Счетчик пакетов: 0x4E
  Длина пакетов: 0xF5
  Функция: 0x06
  Адр: 0x1F 0x00
  Размер: 0x01 0x00
  CRC: 0x00
  Первые 16 байт: 555501124EF50006001F00010000CE31
  ... и еще 237 байт

Пакет #237 [13:11:06.182]
HEX: 55551201540500080000F50069
Длина: 13 байт
  Длина: 13 байт
  Маркер: 5555
  Адрес назначения: 0x12
  Адрес отправителя: 0x01
  Счетчик пакетов: 0x54
  Длина пакетов: 0x05
  Функция: 0x08
  Адр: 0x00 0x00
  Размер: 0x00 0xF5
  CRC: 0x69
  Первые 13 байт: 55551201540500080000F50069

Пакет #238 [13:11:06.359]
HEX: 5555011254F50006001F00010000CE3101000000000000000000000000000000000000C06B9F41000000002829133F5F78A5410000C8420A57B44200000000000000000000000000000000E841B43FBEDFF940F8EE47C3F8EE47C3D4BC1942C3CF99410000000000000000C3CF9941000000000000000011EF373F97A46140F150384000000000000000000000000000000000000482220000822200000000000000000000DA0600000000000000000000000000000000000001000000000707030000000000000000000030E6E63E356FB1400000000000000000E1F45F440C1E6044010311FC405EE6783F992E793F041C793F22A15000140000000B
Длина: 253 байт
  Длина: 253 байт
  Маркер: 5555
  Адрес назначения: 0x01
  Адрес отправителя: 0x12
  Счетчик пакетов: 0x54
  Длина пакетов: 0xF5
  Функция: 0x06
  Адр: 0x1F 0x00
  Размер: 0x01 0x00
  CRC: 0x00
  Первые 16 байт: 5555011254F50006001F00010000CE31
  ... и еще 237 байт

Пакет #239 [13:11:06.371]
HEX: 55551201580500080000F5006D
Длина: 13 байт
  Длина: 13 байт
  Маркер: 5555
  Адрес назначения: 0x12
  Адрес отправителя: 0x01
  Счетчик пакетов: 0x58
  Длина пакетов: 0x05
  Функция: 0x08
  Адр: 0x00 0x00
  Размер: 0x00 0xF5
  CRC: 0x6D
  Первые 13 байт: 55551201580500080000F5006D

Пакет #240 [13:11:06.552]
HEX: 5555011258F50006001F00010000CF3101000000000000000000000000000000000000C06B9F41000000002829133F5F78A5410000C8420A57B44200000000000000000000000000000000E841B43FBEDFF940F8EE47C3F8EE47C3D4BC1942C3CF99410000000000000000C3CF9941000000000000000011EF373F97A46140F150384000000000000000000000000000000000000481220000812200000000000000000000D90600000000000000000000000000000000000001000000000707030000000000000000000030E6E63E356FB1400000000000000000E1F45F440C1E604401C33AFB405EE6783F992E793F041C793F23A1500014000000F6
Длина: 253 байт
  Длина: 253 байт
  Маркер: 5555
  Адрес назначения: 0x01
  Адрес отправителя: 0x12
  Счетчик пакетов: 0x58
  Длина пакетов: 0xF5
  Функция: 0x06
  Адр: 0x1F 0x00
  Размер: 0x01 0x00
  CRC: 0x00
  Первые 16 байт: 5555011258F50006001F00010000CF31
  ... и еще 237 байт

Пакет #241 [13:11:06.563]
HEX: 555512015F0500080000F50074
Длина: 13 байт
  Длина: 13 байт
  Маркер: 5555
  Адрес назначения: 0x12
  Адрес отправителя: 0x01
  Счетчик пакетов: 0x5F
  Длина пакетов: 0x05
  Функция: 0x08
  Адр: 0x00 0x00
  Размер: 0x00 0xF5
  CRC: 0x74
  Первые 13 байт: 555512015F0500080000F50074

Пакет #242 [13:11:06.746]
HEX: 555501125FF50006001F00010000CF3101000000000000000000000000000000000000C06B9F41000000002829133F5F78A5410000C8420A57B44200000000000000000000000000000000E841B43FBEDFF940F8EE47C3F8EE47C3D4BC1942C3CF99410000000000000000C3CF9941000000000000000011EF373F97A46140F150384000000000000000000000000000000000000481220000812200000000000000000000D90600000000000000000000000000000000000001000000000707030000000000000000000030E6E63E356FB1400000000000000000C31D60440C1E604401C33AFB405EE6783F992E793F041C793F23A150001400000009
Длина: 253 байт
  Длина: 253 байт
  Маркер: 5555
  Адрес назначения: 0x01
  Адрес отправителя: 0x12
  Счетчик пакетов: 0x5F
  Длина пакетов: 0xF5
  Функция: 0x06
  Адр: 0x1F 0x00
  Размер: 0x01 0x00
  CRC: 0x00
  Первые 16 байт: 555501125FF50006001F00010000CF31
  ... и еще 237 байт

Пакет #243 [13:11:06.764]
HEX: 55551201650500080000F5007A
Длина: 13 байт
  Длина: 13 байт
  Маркер: 5555
  Адрес назначения: 0x12
  Адрес отправителя: 0x01
  Счетчик пакетов: 0x65
  Длина пакетов: 0x05
  Функция: 0x08
  Адр: 0x00 0x00
  Размер: 0x00 0xF5
  CRC: 0x7A
  Первые 13 байт: 55551201650500080000F5007A

Пакет #244 [13:11:06.931]
HEX: 5555011265F50006001F00010000CF310100000000000000000000000000000000000068749F41000000002829133F5F78A5410000C8420A57B442000000000000000000000000000000008408B43F53E9F940F8EE47C3F8EE47C361BC194260D69941000000000000000060D699410000000000000000D7F4373F97A46140F150384000000000000000000000000000000000000481220000812200000000000000000000D906000000000000000000000000000000000000010000000007070300000000000000000000CAEBE63E95AEB1400000000000000000C31D60445A39604401C33AFB40A3E5783FB62D793F041C793F23A150001400000069
Длина: 253 байт
  Длина: 253 байт
  Маркер: 5555
  Адрес назначения: 0x01
  Адрес отправителя: 0x12
  Счетчик пакетов: 0x65
  Длина пакетов: 0xF5
  Функция: 0x06
  Адр: 0x1F 0x00
  Размер: 0x01 0x00
  CRC: 0x00
  Первые 16 байт: 5555011265F50006001F00010000CF31
  ... и еще 237 байт

Пакет #245 [13:11:06.947]
HEX: 555512016B0500080000F50080
Длина: 13 байт
  Длина: 13 байт
  Маркер: 5555
  Адрес назначения: 0x12
  Адрес отправителя: 0x01
  Счетчик пакетов: 0x6B
  Длина пакетов: 0x05
  Функция: 0x08
  Адр: 0x00 0x00
  Размер: 0x00 0xF5
  CRC: 0x80
  Первые 13 байт: 555512016B0500080000F50080

Пакет #246 [13:11:07.117]
HEX: 555501126BF50006001F00010000CF310100000000000000000000000000000000000068749F41000000002829133F5F78A5410000C8420A57B442000000000000000000000000000000008408B43F53E9F940F8EE47C3F8EE47C361BC194260D69941000000000000000060D699410000000000000000D7F4373F97A46140F150384000000000000000000000000000000000000481220000812200000000000000000000D906000000000000000000000000000000000000010000000007070300000000000000000000CAEBE63E95AEB1400000000000000000C31D60445A39604401C33AFB40A3E5783FB62D793F041C793F23A15000140000006F
Длина: 253 байт
  Длина: 253 байт
  Маркер: 5555
  Адрес назначения: 0x01
  Адрес отправителя: 0x12
  Счетчик пакетов: 0x6B
  Длина пакетов: 0xF5
  Функция: 0x06
  Адр: 0x1F 0x00
  Размер: 0x01 0x00
  CRC: 0x00
  Первые 16 байт: 555501126BF50006001F00010000CF31
  ... и еще 237 байт

Пакет #247 [13:11:07.139]
HEX: 55551201710500080000F50086
Длина: 13 байт
  Длина: 13 байт
  Маркер: 5555
  Адрес назначения: 0x12
  Адрес отправителя: 0x01
  Счетчик пакетов: 0x71
  Длина пакетов: 0x05
  Функция: 0x08
  Адр: 0x00 0x00
  Размер: 0x00 0xF5
  CRC: 0x86
  Первые 13 байт: 55551201710500080000F50086

Пакет #248 [13:11:07.302]
HEX: 5555011271F50006001F00010000CF310100000000000000000000000000000000000068749F41000000002829133F5F78A5410000C8420A57B442000000000000000000000000000000008408B43F53E9F940F8EE47C3F8EE47C361BC194260D69941000000000000000060D699410000000000000000D7F4373F97A46140F150384000000000000000000000000000000000000481220000812200000000000000000000D906000000000000000000000000000000000000010000000007070300000000000000000000CAEBE63E95AEB1400000000000000000FDF95F445A39604401C33AFB40A3E5783FB62D793F041C793F23A15000140000008A
Длина: 253 байт
  Длина: 253 байт
  Маркер: 5555
  Адрес назначения: 0x01
  Адрес отправителя: 0x12
  Счетчик пакетов: 0x71
  Длина пакетов: 0xF5
  Функция: 0x06
  Адр: 0x1F 0x00
  Размер: 0x01 0x00
  CRC: 0x00
  Первые 16 байт: 5555011271F50006001F00010000CF31
  ... и еще 237 байт

Пакет #249 [13:11:07.318]
HEX: 55551201760500080000F5008B
Длина: 13 байт
  Длина: 13 байт
  Маркер: 5555
  Адрес назначения: 0x12
  Адрес отправителя: 0x01
  Счетчик пакетов: 0x76
  Длина пакетов: 0x05
  Функция: 0x08
  Адр: 0x00 0x00
  Размер: 0x00 0xF5
  CRC: 0x8B
  Первые 13 байт: 55551201760500080000F5008B

Пакет #250 [13:11:07.490]
HEX: 5555011276F50006001F00010000D0310100000000000000000000000000000000000068749F4100000000DF8B123FF729A6410000C8420A57B442000000000000000000000000000000008408B43F53E9F940F8EE47C3F8EE47C361BC194260D69941000000000000000060D699410000000000000000D7F4373F97A46140F150384000000000000000000000000000000000000480220000802200000000000000000000D806000000000000000000000000000000000000010000000007070300000000000000000000CAEBE63E95AEB1400000000000000000FDF95F445A396044014B4FFB40A3E5783FB62D793F041C793F24A15000140000008D
Длина: 253 байт
  Длина: 253 байт
  Маркер: 5555
  Адрес назначения: 0x01
  Адрес отправителя: 0x12
  Счетчик пакетов: 0x76
  Длина пакетов: 0xF5
  Функция: 0x06
  Адр: 0x1F 0x00
  Размер: 0x01 0x00
  CRC: 0x00
  Первые 16 байт: 5555011276F50006001F00010000D031
  ... и еще 237 байт

Пакет #251 [13:11:07.506]
HEX: 555512017B0500080000F50090
Длина: 13 байт
  Длина: 13 байт
  Маркер: 5555
  Адрес назначения: 0x12
  Адрес отправителя: 0x01
  Счетчик пакетов: 0x7B
  Длина пакетов: 0x05
  Функция: 0x08
  Адр: 0x00 0x00
  Размер: 0x00 0xF5
  CRC: 0x90
  Первые 13 байт: 555512017B0500080000F50090

Пакет #252 [13:11:07.685]
HEX: 555501127BF50006001F00010000D0310100000000000000000000000000000000000068749F4100000000DF8B123FF729A6410000C8420A57B442000000000000000000000000000000008408B43F53E9F940F8EE47C3F8EE47C361BC194260D69941000000000000000060D699410000000000000000D7F4373FD2A56140DA50384000000000000000000000000000000000000480220000802200000000000000000000D806000000000000000000000000000000000000010000000007070300000000000000000000CAEBE63E95AEB1400000000000000000FDF95F4447ED5F44014B4FFB40A3E5783FB62D793FE51B793F24A150001400000037
Длина: 253 байт
  Длина: 253 байт
  Маркер: 5555
  Адрес назначения: 0x01
  Адрес отправителя: 0x12
  Счетчик пакетов: 0x7B
  Длина пакетов: 0xF5
  Функция: 0x06
  Адр: 0x1F 0x00
  Размер: 0x01 0x00
  CRC: 0x00
  Первые 16 байт: 555501127BF50006001F00010000D031
  ... и еще 237 байт

Пакет #253 [13:11:07.697]
HEX: 55551201820500080000F50097
Длина: 13 байт
  Длина: 13 байт
  Маркер: 5555
  Адрес назначения: 0x12
  Адрес отправителя: 0x01
  Счетчик пакетов: 0x82
  Длина пакетов: 0x05
  Функция: 0x08
  Адр: 0x00 0x00
  Размер: 0x00 0xF5
  CRC: 0x97
  Первые 13 байт: 55551201820500080000F50097

Пакет #254 [13:11:07.873]
HEX: 5555011282F50006001F00010000D0310100000000000000000000000000000000000068749F4100000000DF8B123FF729A6410000C8420A57B442000000000000000000000000000000008408B43F53E9F940F8EE47C3F8EE47C361BC194260D69941000000000000000060D699410000000000000000D7F4373FD2A56140DA50384000000000000000000000000000000000000480220000802200000000000000000000D806000000000000000000000000000000000000010000000007070300000000000000000000CAEBE63E95AEB1400000000000000000F226604447ED5F44014B4FFB40A3E5783FB62D793FE51B793F24A150001400000061
Длина: 253 байт
  Длина: 253 байт
  Маркер: 5555
  Адрес назначения: 0x01
  Адрес отправителя: 0x12
  Счетчик пакетов: 0x82
  Длина пакетов: 0xF5
  Функция: 0x06
  Адр: 0x1F 0x00
  Размер: 0x01 0x00
  CRC: 0x00
  Первые 16 байт: 5555011282F50006001F00010000D031
  ... и еще 237 байт

Пакет #255 [13:11:07.895]
HEX: 55551201880500080000F5009D
Длина: 13 байт
  Длина: 13 байт
  Маркер: 5555
  Адрес назначения: 0x12
  Адрес отправителя: 0x01
  Счетчик пакетов: 0x88
  Длина пакетов: 0x05
  Функция: 0x08
  Адр: 0x00 0x00
  Размер: 0x00 0xF5
  CRC: 0x9D
  Первые 13 байт: 55551201880500080000F5009D

Пакет #256 [13:11:08.066]
HEX: 5555011288F50006001F00010000D0310100000000000000000000000000000000000068749F4100000000DF8B123FF729A6410000C8420A57B442000000000000000000000000000000008408B43F53E9F940F8EE47C3F8EE47C361BC194260D69941000000000000000060D699410000000000000000D7F4373FD2A56140DA50384000000000000000000000000000000000000480220000802200000000000000000000D806000000000000000000000000000000000000010000000007070300000000000000000000CAEBE63E95AEB1400000000000000000F226604447ED5F44014B4FFB40A3E5783FB62D793FE51B793F24A150001400000067
Длина: 253 байт
  Длина: 253 байт
  Маркер: 5555
  Адрес назначения: 0x01
  Адрес отправителя: 0x12
  Счетчик пакетов: 0x88
  Длина пакетов: 0xF5
  Функция: 0x06
  Адр: 0x1F 0x00
  Размер: 0x01 0x00
  CRC: 0x00
  Первые 16 байт: 5555011288F50006001F00010000D031
  ... и еще 237 байт

Пакет #257 [13:11:08.083]
HEX: 555512018E0500080000F500A3
Длина: 13 байт
  Длина: 13 байт
  Маркер: 5555
  Адрес назначения: 0x12
  Адрес отправителя: 0x01
  Счетчик пакетов: 0x8E
  Длина пакетов: 0x05
  Функция: 0x08
  Адр: 0x00 0x00
  Размер: 0x00 0xF5
  CRC: 0xA3
  Первые 13 байт: 555512018E0500080000F500A3

Пакет #258 [13:11:08.257]
HEX: 555501128EF50006001F00010000D0310100000000000000000000000000000000000068749F4100000000DF8B123FF729A6410000C8420A57B442000000000000000000000000000000008408B43F53E9F940F8EE47C3F8EE47C361BC194260D69941000000000000000060D699410000000000000000D7F4373FD2A56140DA50384000000000000000000000000000000000000480220000802200000000000000000000D806000000000000000000000000000000000000010000000007070300000000000000000000CAEBE63E95AEB1400000000000000000F2266044EC396044014B4FFB40A3E5783FB62D793FE51B793F24A15000140000005F
Длина: 253 байт
  Длина: 253 байт
  Маркер: 5555
  Адрес назначения: 0x01
  Адрес отправителя: 0x12
  Счетчик пакетов: 0x8E
  Длина пакетов: 0xF5
  Функция: 0x06
  Адр: 0x1F 0x00
  Размер: 0x01 0x00
  CRC: 0x00
  Первые 16 байт: 555501128EF50006001F00010000D031
  ... и еще 237 байт

Пакет #259 [13:11:08.275]
HEX: 55551201930500080000F500A8
Длина: 13 байт
  Длина: 13 байт
  Маркер: 5555
  Адрес назначения: 0x12
  Адрес отправителя: 0x01
  Счетчик пакетов: 0x93
  Длина пакетов: 0x05
  Функция: 0x08
  Адр: 0x00 0x00
  Размер: 0x00 0xF5
  CRC: 0xA8
  Первые 13 байт: 55551201930500080000F500A8

Пакет #260 [13:11:08.450]
HEX: 5555011293F50006001F00010000D1310100000000000000000000000000000000000068749F4100000000DF8B123FF729A6410000C8420A57B442000000000000000000000000000000008408B43F53E9F940F8EE47C3F8EE47C361BC194260D69941000000000000000060D699410000000000000000D7F4373FD2A56140DA5038400000000000000000000000000000000000047F2200007F2200000000000000000000D706000000000000000000000000000000000000010000000007070300000000000000000000CAEBE63E95AEB1400000000000000000720B6044EC396044018112FB40A3E5783FB62D793FE51B793F25A1500014000000C1
Длина: 253 байт
  Длина: 253 байт
  Маркер: 5555
  Адрес назначения: 0x01
  Адрес отправителя: 0x12
  Счетчик пакетов: 0x93
  Длина пакетов: 0xF5
  Функция: 0x06
  Адр: 0x1F 0x00
  Размер: 0x01 0x00
  CRC: 0x00
  Первые 16 байт: 5555011293F50006001F00010000D131
  ... и еще 237 байт

Пакет #261 [13:11:08.466]
HEX: 55551201990500080000F500AE
Длина: 13 байт
  Длина: 13 байт
  Маркер: 5555
  Адрес назначения: 0x12
  Адрес отправителя: 0x01
  Счетчик пакетов: 0x99
  Длина пакетов: 0x05
  Функция: 0x08
  Адр: 0x00 0x00
  Размер: 0x00 0xF5
  CRC: 0xAE
  Первые 13 байт: 55551201990500080000F500AE

Пакет #262 [13:11:08.648]
HEX: 5555011299F50006001F00010000D1310100000000000000000000000000000000000068749F4100000000DF8B123FF729A6410000C8420A57B442000000000000000000000000000000008408B43F53E9F940F8EE47C3F8EE47C361BC194260D69941000000000000000060D699410000000000000000D7F4373FD2A56140DA5038400000000000000000000000000000000000047F2200007F2200000000000000000000D706000000000000000000000000000000000000010000000007070300000000000000000000CAEBE63E95AEB1400000000000000000720B6044EC396044018112FB40A3E5783FB62D793FE51B793F25A1500014000000C7
Длина: 253 байт
  Длина: 253 байт
  Маркер: 5555
  Адрес назначения: 0x01
  Адрес отправителя: 0x12
  Счетчик пакетов: 0x99
  Длина пакетов: 0xF5
  Функция: 0x06
  Адр: 0x1F 0x00
  Размер: 0x01 0x00
  CRC: 0x00
  Первые 16 байт: 5555011299F50006001F00010000D131
  ... и еще 237 байт

Пакет #263 [13:11:08.659]
HEX: 555512019F0500080000F500B4
Длина: 13 байт
  Длина: 13 байт
  Маркер: 5555
  Адрес назначения: 0x12
  Адрес отправителя: 0x01
  Счетчик пакетов: 0x9F
  Длина пакетов: 0x05
  Функция: 0x08
  Адр: 0x00 0x00
  Размер: 0x00 0xF5
  CRC: 0xB4
  Первые 13 байт: 555512019F0500080000F500B4

Пакет #264 [13:11:08.835]
HEX: 555501129FF50006001F00010000D1310100000000000000000000000000000000000068749F4100000000DF8B123FF729A6410000C8420A57B442000000000000000000000000000000008408B43F53E9F940F8EE47C3F8EE47C361BC194260D69941000000000000000060D699410000000000000000D7F4373FD2A56140DA5038400000000000000000000000000000000000047F2200007F2200000000000000000000D706000000000000000000000000000000000000010000000007070300000000000000000000CAEBE63E95AEB1400000000000000000720B6044EC396044018112FB40A3E5783FB62D793FE51B793F25A1500014000000CD
Длина: 253 байт
  Длина: 253 байт
  Маркер: 5555
  Адрес назначения: 0x01
  Адрес отправителя: 0x12
  Счетчик пакетов: 0x9F
  Длина пакетов: 0xF5
  Функция: 0x06
  Адр: 0x1F 0x00
  Размер: 0x01 0x00
  CRC: 0x00
  Первые 16 байт: 555501129FF50006001F00010000D131
  ... и еще 237 байт

Пакет #265 [13:11:08.846]
HEX: 55551201A50500080000F500BA
Длина: 13 байт
  Длина: 13 байт
  Маркер: 5555
  Адрес назначения: 0x12
  Адрес отправителя: 0x01
  Счетчик пакетов: 0xA5
  Длина пакетов: 0x05
  Функция: 0x08
  Адр: 0x00 0x00
  Размер: 0x00 0xF5
  CRC: 0xBA
  Первые 13 байт: 55551201A50500080000F500BA

Пакет #266 [13:11:09.025]
HEX: 55550112A5F50006001F00010000D1310100000000000000000000000000000000000068749F4100000000DF8B123FF729A6410000C8420A57B442000000000000000000000000000000008408B43F53E9F940F8EE47C3F8EE47C361BC194260D69941000000000000000060D699410000000000000000D7F4373FD2A56140DA5038400000000000000000000000000000000000047F2200007F2200000000000000000000D706000000000000000000000000000000000000010000000007070300000000000000000000CAEBE63E95AEB14000000000000000001129604484126044018112FB40A3E5783FB62D793FE51B793F25A150001400000001
Длина: 253 байт
  Длина: 253 байт
  Маркер: 5555
  Адрес назначения: 0x01
  Адрес отправителя: 0x12
  Счетчик пакетов: 0xA5
  Длина пакетов: 0xF5
  Функция: 0x06
  Адр: 0x1F 0x00
  Размер: 0x01 0x00
  CRC: 0x00
  Первые 16 байт: 55550112A5F50006001F00010000D131
  ... и еще 237 байт

Пакет #267 [13:11:09.047]
HEX: 55551201AB0500080000F500C0
Длина: 13 байт
  Длина: 13 байт
  Маркер: 5555
  Адрес назначения: 0x12
  Адрес отправителя: 0x01
  Счетчик пакетов: 0xAB
  Длина пакетов: 0x05
  Функция: 0x08
  Адр: 0x00 0x00
  Размер: 0x00 0xF5
  CRC: 0xC0
  Первые 13 байт: 55551201AB0500080000F500C0

Пакет #268 [13:11:09.217]
HEX: 55550112ABF50006001F00010000D1310100000000000000000000000000000000000068749F4100000000DF8B123FF729A6410000C8420A57B442000000000000000000000000000000008408B43F53E9F940F8EE47C3F8EE47C361BC194260D69941000000000000000060D699410000000000000000D7F4373F1BA76140CF5038400000000000000000000000000000000000047F2200007F2200000000000000000000D706000000000000000000000000000000000000010000000007070300000000000000000000CAEBE63E95AEB14000000000000000001129604484126044018112FB40A3E5783FB62D793FD61B793F25A150001400000038
Длина: 253 байт
  Длина: 253 байт
  Маркер: 5555
  Адрес назначения: 0x01
  Адрес отправителя: 0x12
  Счетчик пакетов: 0xAB
  Длина пакетов: 0xF5
  Функция: 0x06
  Адр: 0x1F 0x00
  Размер: 0x01 0x00
  CRC: 0x00
  Первые 16 байт: 55550112ABF50006001F00010000D131
  ... и еще 237 байт

Пакет #269 [13:11:09.230]
HEX: 55551201B10500080000F500C6
Длина: 13 байт
  Длина: 13 байт
  Маркер: 5555
  Адрес назначения: 0x12
  Адрес отправителя: 0x01
  Счетчик пакетов: 0xB1
  Длина пакетов: 0x05
  Функция: 0x08
  Адр: 0x00 0x00
  Размер: 0x00 0xF5
  CRC: 0xC6
  Первые 13 байт: 55551201B10500080000F500C6

Пакет #270 [13:11:09.412]
HEX: 55550112B1F50006001F00010000D23101000000000000000000000000000000000000F6749F4100000000CB81123F6535A6410000C8420A57B442000000000000000000000000000000001F75B33F53E9F940F8EE47C3F8EE47C361BC1942CDD699410000000000000000CDD69941000000000000000036F5373F1BA76140CF5038400000000000000000000000000000000000047E2200007E2200000000000000000000D606000000000000000000000000000000000000010000000007070300000000000000000000D5E5E63E8440B24000000000000000001129604484126044012327FB40A3E5783F372E793FD61B793F26A150001400000028
Длина: 253 байт
  Длина: 253 байт
  Маркер: 5555
  Адрес назначения: 0x01
  Адрес отправителя: 0x12
  Счетчик пакетов: 0xB1
  Длина пакетов: 0xF5
  Функция: 0x06
  Адр: 0x1F 0x00
  Размер: 0x01 0x00
  CRC: 0x00
  Первые 16 байт: 55550112B1F50006001F00010000D231
  ... и еще 237 байт

Пакет #271 [13:11:09.428]
HEX: 55551201B50500080000F500CA
Длина: 13 байт
  Длина: 13 байт
  Маркер: 5555
  Адрес назначения: 0x12
  Адрес отправителя: 0x01
  Счетчик пакетов: 0xB5
  Длина пакетов: 0x05
  Функция: 0x08
  Адр: 0x00 0x00
  Размер: 0x00 0xF5
  CRC: 0xCA
  Первые 13 байт: 55551201B50500080000F500CA

Пакет #272 [13:11:09.609]
HEX: 55550112B5F50006001F00010000D23101000000000000000000000000000000000000F6749F4100000000CB81123F6535A6410000C8420A57B442000000000000000000000000000000001F75B33F53E9F940F8EE47C3F8EE47C361BC1942CDD699410000000000000000CDD69941000000000000000036F5373F1BA76140CF5038400000000000000000000000000000000000047E2200007E2200000000000000000000D606000000000000000000000000000000000000010000000007070300000000000000000000D5E5E63E8440B2400000000000000000FC77604484126044012327FB40A3E5783F372E793FD61B793F26A150001400000065
Длина: 253 байт
  Длина: 253 байт
  Маркер: 5555
  Адрес назначения: 0x01
  Адрес отправителя: 0x12
  Счетчик пакетов: 0xB5
  Длина пакетов: 0xF5
  Функция: 0x06
  Адр: 0x1F 0x00
  Размер: 0x01 0x00
  CRC: 0x00
  Первые 16 байт: 55550112B5F50006001F00010000D231
  ... и еще 237 байт

Пакет #273 [13:11:09.625]
HEX: 55551201BD0500080000F500D2
Длина: 13 байт
  Длина: 13 байт
  Маркер: 5555
  Адрес назначения: 0x12
  Адрес отправителя: 0x01
  Счетчик пакетов: 0xBD
  Длина пакетов: 0x05
  Функция: 0x08
  Адр: 0x00 0x00
  Размер: 0x00 0xF5
  CRC: 0xD2
  Первые 13 байт: 55551201BD0500080000F500D2

Пакет #274 [13:11:09.801]
HEX: 55550112BDF50006001F00010000D23101000000000000000000000000000000000000F6749F4100000000CB81123F6535A6410000C8420A57B442000000000000000000000000000000001F75B33F6507F940F8EE47C3F8EE47C327BC1942CDD699410000000000000000CDD69941000000000000000036F5373F1BA76140CF5038400000000000000000000000000000000000047E2200007E2200000000000000000000D606000000000000000000000000000000000000010000000007070300000000000000000000D5E5E63E8440B2400000000000000000FC7760442FB95F44012327FB4046E5783F372E793FD61B793F26A150001400000057
Длина: 253 байт
  Длина: 253 байт
  Маркер: 5555
  Адрес назначения: 0x01
  Адрес отправителя: 0x12
  Счетчик пакетов: 0xBD
  Длина пакетов: 0xF5
  Функция: 0x06
  Адр: 0x1F 0x00
  Размер: 0x01 0x00
  CRC: 0x00
  Первые 16 байт: 55550112BDF50006001F00010000D231
  ... и еще 237 байт

Пакет #275 [13:11:09.812]
HEX: 55551201C30500080000F500D8
Длина: 13 байт
  Длина: 13 байт
  Маркер: 5555
  Адрес назначения: 0x12
  Адрес отправителя: 0x01
  Счетчик пакетов: 0xC3
  Длина пакетов: 0x05
  Функция: 0x08
  Адр: 0x00 0x00
  Размер: 0x00 0xF5
  CRC: 0xD8
  Первые 13 байт: 55551201C30500080000F500D8

Пакет #276 [13:11:09.991]
HEX: 55550112C3F50006001F00010000D23101000000000000000000000000000000000000F6749F4100000000CB81123F6535A6410000C8420A57B442000000000000000000000000000000001F75B33F6507F940F8EE47C3F8EE47C327BC1942CDD699410000000000000000CDD69941000000000000000036F5373F1BA76140CF5038400000000000000000000000000000000000047E2200007E2200000000000000000000D606000000000000000000000000000000000000010000000007070300000000000000000000D5E5E63E8440B2400000000000000000FC7760442FB95F44012327FB4046E5783F372E793FD61B793F26A15000140000005D
Длина: 253 байт
  Длина: 253 байт
  Маркер: 5555
  Адрес назначения: 0x01
  Адрес отправителя: 0x12
  Счетчик пакетов: 0xC3
  Длина пакетов: 0xF5
  Функция: 0x06
  Адр: 0x1F 0x00
  Размер: 0x01 0x00
  CRC: 0x00
  Первые 16 байт: 55550112C3F50006001F00010000D231
  ... и еще 237 байт

Пакет #277 [13:11:10.002]
HEX: 55551201C80500080000F500DD
Длина: 13 байт
  Длина: 13 байт
  Маркер: 5555
  Адрес назначения: 0x12
  Адрес отправителя: 0x01
  Счетчик пакетов: 0xC8
  Длина пакетов: 0x05
  Функция: 0x08
  Адр: 0x00 0x00
  Размер: 0x00 0xF5
  CRC: 0xDD
  Первые 13 байт: 55551201C80500080000F500DD

Пакет #278 [13:11:10.184]
HEX: 55550112C8F50006001F00010000D23101000000000000000000000000000000000000F6749F4100000000CB81123F6535A6410000C8420A57B442000000000000000000000000000000001F75B33F6507F940F8EE47C3F8EE47C327BC1942CDD699410000000000000000CDD69941000000000000000036F5373F1BA76140CF5038400000000000000000000000000000000000047E2200007E2200000000000000000000D606000000000000000000000000000000000000010000000007070300000000000000000000D5E5E63E8440B2400000000000000000FB2660442FB95F44012327FB4046E5783F372E793FD61B793F26A150001400000010
Длина: 253 байт
  Длина: 253 байт
  Маркер: 5555
  Адрес назначения: 0x01
  Адрес отправителя: 0x12
  Счетчик пакетов: 0xC8
  Длина пакетов: 0xF5
  Функция: 0x06
  Адр: 0x1F 0x00
  Размер: 0x01 0x00
  CRC: 0x00
  Первые 16 байт: 55550112C8F50006001F00010000D231
  ... и еще 237 байт

Пакет #279 [13:11:10.195]
HEX: 55551201CE0500080000F500E3
Длина: 13 байт
  Длина: 13 байт
  Маркер: 5555
  Адрес назначения: 0x12
  Адрес отправителя: 0x01
  Счетчик пакетов: 0xCE
  Длина пакетов: 0x05
  Функция: 0x08
  Адр: 0x00 0x00
  Размер: 0x00 0xF5
  CRC: 0xE3
  Первые 13 байт: 55551201CE0500080000F500E3

Пакет #280 [13:11:10.368]
HEX: 55550112CEF50006001F00010000D23101000000000000000000000000000000000000F6749F4100000000CB81123F6535A6410000C8420A57B442000000000000000000000000000000001F75B33F6507F940F8EE47C3F8EE47C327BC1942CDD699410000000000000000CDD69941000000000000000036F5373F1BA76140CF5038400000000000000000000000000000000000047E2200007E2200000000000000000000D606000000000000000000000000000000000000010000000007070300000000000000000000D5E5E63E8440B2400000000000000000FB266044A1FB5F44012327FB4046E5783F372E793FD61B793F26A1500014000000CA
Длина: 253 байт
  Длина: 253 байт
  Маркер: 5555
  Адрес назначения: 0x01
  Адрес отправителя: 0x12
  Счетчик пакетов: 0xCE
  Длина пакетов: 0xF5
  Функция: 0x06
  Адр: 0x1F 0x00
  Размер: 0x01 0x00
  CRC: 0x00
  Первые 16 байт: 55550112CEF50006001F00010000D231
  ... и еще 237 байт

Пакет #281 [13:11:10.391]
HEX: 55551201D40500080000F500E9
Длина: 13 байт
  Длина: 13 байт
  Маркер: 5555
  Адрес назначения: 0x12
  Адрес отправителя: 0x01
  Счетчик пакетов: 0xD4
  Длина пакетов: 0x05
  Функция: 0x08
  Адр: 0x00 0x00
  Размер: 0x00 0xF5
  CRC: 0xE9
  Первые 13 байт: 55551201D40500080000F500E9

Пакет #282 [13:11:10.568]
HEX: 55550112D4F50006001F00010000D33101000000000000000000000000000000000000F6749F4100000000CB81123F6535A6410000C8420A57B442000000000000000000000000000000001F75B33F6507F940F8EE47C3F8EE47C327BC1942CDD699410000000000000000CDD69941000000000000000036F5373FF0A761407D5138400000000000000000000000000000000000047D2200007D2200000000000000000000D506000000000000000000000000000000000000010000000007070300000000000000000000D5E5E63E8440B2400000000000000000FB266044A1FB5F4401AB1FFA4046E5783F372E793FC11C793F27A1500014000000BE
Длина: 253 байт
  Длина: 253 байт
  Маркер: 5555
  Адрес назначения: 0x01
  Адрес отправителя: 0x12
  Счетчик пакетов: 0xD4
  Длина пакетов: 0xF5
  Функция: 0x06
  Адр: 0x1F 0x00
  Размер: 0x01 0x00
  CRC: 0x00
  Первые 16 байт: 55550112D4F50006001F00010000D331
  ... и еще 237 байт

Пакет #283 [13:11:10.579]
HEX: 55551201DA0500080000F500EF
Длина: 13 байт
  Длина: 13 байт
  Маркер: 5555
  Адрес назначения: 0x12
  Адрес отправителя: 0x01
  Счетчик пакетов: 0xDA
  Длина пакетов: 0x05
  Функция: 0x08
  Адр: 0x00 0x00
  Размер: 0x00 0xF5
  CRC: 0xEF
  Первые 13 байт: 55551201DA0500080000F500EF

Пакет #284 [13:11:10.752]
HEX: 55550112DAF50006001F00010000D33101000000000000000000000000000000000000F6749F4100000000CB81123F6535A6410000C8420A57B442000000000000000000000000000000001F75B33F6507F940F8EE47C3F8EE47C327BC1942CDD699410000000000000000CDD69941000000000000000036F5373FF0A761407D5138400000000000000000000000000000000000047D2200007D2200000000000000000000D506000000000000000000000000000000000000010000000007070300000000000000000000D5E5E63E8440B240000000000000000015506044A1FB5F4401AB1FFA4046E5783F372E793FC11C793F27A150001400000008
Длина: 253 байт
  Длина: 253 байт
  Маркер: 5555
  Адрес назначения: 0x01
  Адрес отправителя: 0x12
  Счетчик пакетов: 0xDA
  Длина пакетов: 0xF5
  Функция: 0x06
  Адр: 0x1F 0x00
  Размер: 0x01 0x00
  CRC: 0x00
  Первые 16 байт: 55550112DAF50006001F00010000D331
  ... и еще 237 байт

Пакет #285 [13:11:10.774]
HEX: 55551201E00500080000F500F5
Длина: 13 байт
  Длина: 13 байт
  Маркер: 5555
  Адрес назначения: 0x12
  Адрес отправителя: 0x01
  Счетчик пакетов: 0xE0
  Длина пакетов: 0x05
  Функция: 0x08
  Адр: 0x00 0x00
  Размер: 0x00 0xF5
  CRC: 0xF5
  Первые 13 байт: 55551201E00500080000F500F5

Пакет #286 [13:11:10.943]
HEX: 55550112E0F50006001F00010000D33101000000000000000000000000000000000000F6749F4100000000CB81123F6535A6410000C8420A57B442000000000000000000000000000000001F75B33F6507F940F8EE47C3F8EE47C327BC1942CDD699410000000000000000CDD69941000000000000000036F5373FF0A761407D5138400000000000000000000000000000000000047D2200007D2200000000000000000000D506000000000000000000000000000000000000010000000007070300000000000000000000D5E5E63E8440B240000000000000000015506044A1FB5F4401AB1FFA4046E5783F372E793FC11C793F27A15000140000000E
Длина: 253 байт
  Длина: 253 байт
  Маркер: 5555
  Адрес назначения: 0x01
  Адрес отправителя: 0x12
  Счетчик пакетов: 0xE0
  Длина пакетов: 0xF5
  Функция: 0x06
  Адр: 0x1F 0x00
  Размер: 0x01 0x00
  CRC: 0x00
  Первые 16 байт: 55550112E0F50006001F00010000D331
  ... и еще 237 байт

Пакет #287 [13:11:10.965]
HEX: 55551201E60500080000F500FB
Длина: 13 байт
  Длина: 13 байт
  Маркер: 5555
  Адрес назначения: 0x12
  Адрес отправителя: 0x01
  Счетчик пакетов: 0xE6
  Длина пакетов: 0x05
  Функция: 0x08
  Адр: 0x00 0x00
  Размер: 0x00 0xF5
  CRC: 0xFB
  Первые 13 байт: 55551201E60500080000F500FB

Пакет #288 [13:11:11.141]
HEX: 55550112E6F50006001F00010000D33101000000000000000000000000000000000000F6749F4100000000CB81123F6535A6410000C8420A57B442000000000000000000000000000000001F75B33F6507F940F8EE47C3F8EE47C327BC1942CDD699410000000000000000CDD69941000000000000000036F5373FF0A761407D5138400000000000000000000000000000000000047D2200007D2200000000000000000000D506000000000000000000000000000000000000010000000007070300000000000000000000D5E5E63E8440B240000000000000000015506044B0CE5F4401AB1FFA4046E5783F372E793FC11C793F27A1500014000000F6
Длина: 253 байт
  Длина: 253 байт
  Маркер: 5555
  Адрес назначения: 0x01
  Адрес отправителя: 0x12
  Счетчик пакетов: 0xE6
  Длина пакетов: 0xF5
  Функция: 0x06
  Адр: 0x1F 0x00
  Размер: 0x01 0x00
  CRC: 0x00
  Первые 16 байт: 55550112E6F50006001F00010000D331
  ... и еще 237 байт

Пакет #289 [13:11:11.152]
HEX: 55551201EC0500080000F50001
Длина: 13 байт
  Длина: 13 байт
  Маркер: 5555
  Адрес назначения: 0x12
  Адрес отправителя: 0x01
  Счетчик пакетов: 0xEC
  Длина пакетов: 0x05
  Функция: 0x08
  Адр: 0x00 0x00
  Размер: 0x00 0xF5
  CRC: 0x01
  Первые 13 байт: 55551201EC0500080000F50001

Пакет #290 [13:11:11.331]
HEX: 55550112ECF50006001F00010000D33101000000000000000000000000000000000000F6749F4100000000CB81123F6535A6410000C8420A57B442000000000000000000000000000000001F75B33F6507F940F8EE47C3F8EE47C327BC1942CDD699410000000000000000CDD69941000000000000000036F5373FF0A761407D5138400000000000000000000000000000000000047D2200007D2200000000000000000000D506000000000000000000000000000000000000010000000007070300000000000000000000D5E5E63E8440B2400000000000000000666A6044B0CE5F4401AB1FFA4046E5783F372E793FC11C793F27A150001400000067
Длина: 253 байт
  Длина: 253 байт
  Маркер: 5555
  Адрес назначения: 0x01
  Адрес отправителя: 0x12
  Счетчик пакетов: 0xEC
  Длина пакетов: 0xF5
  Функция: 0x06
  Адр: 0x1F 0x00
  Размер: 0x01 0x00
  CRC: 0x00
  Первые 16 байт: 55550112ECF50006001F00010000D331
  ... и еще 237 байт

Пакет #291 [13:11:11.353]
HEX: 55551201F00500080000F50005
Длина: 13 байт
  Длина: 13 байт
  Маркер: 5555
  Адрес назначения: 0x12
  Адрес отправителя: 0x01
  Счетчик пакетов: 0xF0
  Длина пакетов: 0x05
  Функция: 0x08
  Адр: 0x00 0x00
  Размер: 0x00 0xF5
  CRC: 0x05
  Первые 13 байт: 55551201F00500080000F50005

Пакет #292 [13:11:11.523]
HEX: 55550112F0F50006001F00010000D43101000000000000000000000000000000000000F6749F4100000000CB81123F6535A6410000C8420A57B442000000000000000000000000000000001F75B33F6507F940F8EE47C3F8EE47C327BC1942CDD699410000000000000000CDD69941000000000000000036F5373FF0A761407D5138400000000000000000000000000000000000047C2200007C2200000000000000000000D406000000000000000000000000000000000000010000000007070300000000000000000000D5E5E63E8440B2400000000000000000666A6044B0CE5F4401AAD2FA4046E5783F372E793FC11C793F28A15000140000001C
Длина: 253 байт
  Длина: 253 байт
  Маркер: 5555
  Адрес назначения: 0x01
  Адрес отправителя: 0x12
  Счетчик пакетов: 0xF0
  Длина пакетов: 0xF5
  Функция: 0x06
  Адр: 0x1F 0x00
  Размер: 0x01 0x00
  CRC: 0x00
  Первые 16 байт: 55550112F0F50006001F00010000D431
  ... и еще 237 байт

Пакет #293 [13:11:11.540]
HEX: 55551201F90500080000F5000E
Длина: 13 байт
  Длина: 13 байт
  Маркер: 5555
  Адрес назначения: 0x12
  Адрес отправителя: 0x01
  Счетчик пакетов: 0xF9
  Длина пакетов: 0x05
  Функция: 0x08
  Адр: 0x00 0x00
  Размер: 0x00 0xF5
  CRC: 0x0E
  Первые 13 байт: 55551201F90500080000F5000E

Пакет #294 [13:11:11.720]
HEX: 55550112F9F50006001F00010000D43101000000000000000000000000000000000000F6749F4100000000CB81123F6535A6410000C8420A57B442000000000000000000000000000000001F75B33F6507F940F8EE47C3F8EE47C327BC1942CDD699410000000000000000CDD69941000000000000000036F5373FF0A761407D5138400000000000000000000000000000000000047C2200007C2200000000000000000000D406000000000000000000000000000000000000010000000007070300000000000000000000D5E5E63E8440B2400000000000000000666A6044ECCA5F4401AAD2FA4046E5783F372E793FC11C793F28A15000140000005D
Длина: 253 байт
  Длина: 253 байт
  Маркер: 5555
  Адрес назначения: 0x01
  Адрес отправителя: 0x12
  Счетчик пакетов: 0xF9
  Длина пакетов: 0xF5
  Функция: 0x06
  Адр: 0x1F 0x00
  Размер: 0x01 0x00
  CRC: 0x00
  Первые 16 байт: 55550112F9F50006001F00010000D431
  ... и еще 237 байт

Пакет #295 [13:11:11.731]
HEX: 55551201FE0500080000F50013
Длина: 13 байт
  Длина: 13 байт
  Маркер: 5555
  Адрес назначения: 0x12
  Адрес отправителя: 0x01
  Счетчик пакетов: 0xFE
  Длина пакетов: 0x05
  Функция: 0x08
  Адр: 0x00 0x00
  Размер: 0x00 0xF5
  CRC: 0x13
  Первые 13 байт: 55551201FE0500080000F50013

Пакет #296 [13:11:11.905]
HEX: 55550112FEF50006001F00010000D431010000000000000000000000000000000000003E759F4100000000CB81123F6535A6410000C8420A57B44200000000000000000000000000000000DC22B33F6507F940F8EE47C3F8EE47C327BC194204D79941000000000000000004D79941000000000000000066F5373FF0A761407D5138400000000000000000000000000000000000047C2200007C2200000000000000000000D40600000000000000000000000000000000000001000000000707030000000000000000000011E6E63EF0F0B1400000000000000000CCA96044ECCA5F4401AAD2FA4046E5783F782E793FC11C793F28A1500014000000F3
Длина: 253 байт
  Длина: 253 байт
  Маркер: 5555
  Адрес назначения: 0x01
  Адрес отправителя: 0x12
  Счетчик пакетов: 0xFE
  Длина пакетов: 0xF5
  Функция: 0x06
  Адр: 0x1F 0x00
  Размер: 0x01 0x00
  CRC: 0x00
  Первые 16 байт: 55550112FEF50006001F00010000D431
  ... и еще 237 байт

Пакет #297 [13:11:11.926]
HEX: 55551201030500080000F50018
Длина: 13 байт
  Длина: 13 байт
  Маркер: 5555
  Адрес назначения: 0x12
  Адрес отправителя: 0x01
  Счетчик пакетов: 0x03
  Длина пакетов: 0x05
  Функция: 0x08
  Адр: 0x00 0x00
  Размер: 0x00 0xF5
  CRC: 0x18
  Первые 13 байт: 55551201030500080000F50018

Пакет #298 [13:11:12.096]
HEX: 5555011203F50006001F00010000D431010000000000000000000000000000000000003E759F4100000000CB81123F6535A6410000C8420A57B44200000000000000000000000000000000DC22B33F6507F940F8EE47C3F8EE47C327BC194204D79941000000000000000004D79941000000000000000066F5373F5BA86140D45138400000000000000000000000000000000000047C2200007C2200000000000000000000D40600000000000000000000000000000000000001000000000707030000000000000000000011E6E63EF0F0B1400000000000000000CCA96044ECCA5F4401AAD2FA4046E5783F782E793F371D793F28A150001400000032
Длина: 253 байт
  Длина: 253 байт
  Маркер: 5555
  Адрес назначения: 0x01
  Адрес отправителя: 0x12
  Счетчик пакетов: 0x03
  Длина пакетов: 0xF5
  Функция: 0x06
  Адр: 0x1F 0x00
  Размер: 0x01 0x00
  CRC: 0x00
  Первые 16 байт: 5555011203F50006001F00010000D431
  ... и еще 237 байт

Пакет #299 [13:11:12.118]
HEX: 55551201090500080000F5001E
Длина: 13 байт
  Длина: 13 байт
  Маркер: 5555
  Адрес назначения: 0x12
  Адрес отправителя: 0x01
  Счетчик пакетов: 0x09
  Длина пакетов: 0x05
  Функция: 0x08
  Адр: 0x00 0x00
  Размер: 0x00 0xF5
  CRC: 0x1E
  Первые 13 байт: 55551201090500080000F5001E

Пакет #300 [13:11:12.296]
HEX: 5555011209F50006001F00010000D431010000000000000000000000000000000000003E759F4100000000CB81123F6535A6410000C8420A57B44200000000000000000000000000000000DC22B33F6507F940F8EE47C3F8EE47C327BC194204D79941000000000000000004D79941000000000000000066F5373F5BA86140D45138400000000000000000000000000000000000047C2200007C2200000000000000000000D40600000000000000000000000000000000000001000000000707030000000000000000000011E6E63EF0F0B1400000000000000000CCA96044ECCA5F4401AAD2FA4046E5783F782E793F371D793F28A150001400000038
Длина: 253 байт
  Длина: 253 байт
  Маркер: 5555
  Адрес назначения: 0x01
  Адрес отправителя: 0x12
  Счетчик пакетов: 0x09
  Длина пакетов: 0xF5
  Функция: 0x06
  Адр: 0x1F 0x00
  Размер: 0x01 0x00
  CRC: 0x00
  Первые 16 байт: 5555011209F50006001F00010000D431
  ... и еще 237 байт

Пакет #301 [13:11:12.307]
HEX: 555512010F0500080000F50024
Длина: 13 байт
  Длина: 13 байт
  Маркер: 5555
  Адрес назначения: 0x12
  Адрес отправителя: 0x01
  Счетчик пакетов: 0x0F
  Длина пакетов: 0x05
  Функция: 0x08
  Адр: 0x00 0x00
  Размер: 0x00 0xF5
  CRC: 0x24
  Первые 13 байт: 555512010F0500080000F50024

Пакет #302 [13:11:12.490]
HEX: 555501120FF50006001F00010000D531010000000000000000000000000000000000003E759F4100000000AF7C123F323BA6410000C8420A57B44200000000000000000000000000000000DC22B33FD281F840F8EE47C3F8EE47C39CB7194204D79941000000000000000004D79941000000000000000066F5373F5BA86140D45138400000000000000000000000000000000000047B2200007B2200000000000000000000D30600000000000000000000000000000000000001000000000707030000000000000000000011E6E63EF0F0B1400000000000000000CCA96044306D5F4401B92CFC4009E6783F782E793F371D793F29A15000140000005B
Длина: 253 байт
  Длина: 253 байт
  Маркер: 5555
  Адрес назначения: 0x01
  Адрес отправителя: 0x12
  Счетчик пакетов: 0x0F
  Длина пакетов: 0xF5
  Функция: 0x06
  Адр: 0x1F 0x00
  Размер: 0x01 0x00
  CRC: 0x00
  Первые 16 байт: 555501120FF50006001F00010000D531
  ... и еще 237 байт

Пакет #303 [13:11:12.501]
HEX: 55551201150500080000F5002A
Длина: 13 байт
  Длина: 13 байт
  Маркер: 5555
  Адрес назначения: 0x12
  Адрес отправителя: 0x01
  Счетчик пакетов: 0x15
  Длина пакетов: 0x05
  Функция: 0x08
  Адр: 0x00 0x00
  Размер: 0x00 0xF5
  CRC: 0x2A
  Первые 13 байт: 55551201150500080000F5002A

Пакет #304 [13:11:12.684]
HEX: 5555011215F50006001F00010000D531010000000000000000000000000000000000003E759F4100000000AF7C123F323BA6410000C8420A57B44200000000000000000000000000000000DC22B33FD281F840F8EE47C3F8EE47C39CB7194204D79941000000000000000004D79941000000000000000066F5373F5BA86140D45138400000000000000000000000000000000000047B2200007B2200000000000000000000D30600000000000000000000000000000000000001000000000707030000000000000000000011E6E63EF0F0B14000000000000000001BD36044306D5F4401B92CFC4009E6783F782E793F371D793F29A1500014000000DA
Длина: 253 байт
  Длина: 253 байт
  Маркер: 5555
  Адрес назначения: 0x01
  Адрес отправителя: 0x12
  Счетчик пакетов: 0x15
  Длина пакетов: 0xF5
  Функция: 0x06
  Адр: 0x1F 0x00
  Размер: 0x01 0x00
  CRC: 0x00
  Первые 16 байт: 5555011215F50006001F00010000D531
  ... и еще 237 байт

Пакет #305 [13:11:12.696]
HEX: 555512011B0500080000F50030
Длина: 13 байт
  Длина: 13 байт
  Маркер: 5555
  Адрес назначения: 0x12
  Адрес отправителя: 0x01
  Счетчик пакетов: 0x1B
  Длина пакетов: 0x05
  Функция: 0x08
  Адр: 0x00 0x00
  Размер: 0x00 0xF5
  CRC: 0x30
  Первые 13 байт: 555512011B0500080000F50030

Пакет #306 [13:11:12.859]
HEX: 555501121BF50006001F00010000D531010000000000000000000000000000000000003E759F4100000000AF7C123F323BA6410000C8420A57B44200000000000000000000000000000000DC22B33FD281F840F8EE47C3F8EE47C39CB7194204D79941000000000000000004D79941000000000000000066F5373F5BA86140D45138400000000000000000000000000000000000047B2200007B2200000000000000000000D30600000000000000000000000000000000000001000000000707030000000000000000000011E6E63EF0F0B14000000000000000001BD36044306D5F4401B92CFC4009E6783F782E793F371D793F29A1500014000000E0
Длина: 253 байт
  Длина: 253 байт
  Маркер: 5555
  Адрес назначения: 0x01
  Адрес отправителя: 0x12
  Счетчик пакетов: 0x1B
  Длина пакетов: 0xF5
  Функция: 0x06
  Адр: 0x1F 0x00
  Размер: 0x01 0x00
  CRC: 0x00
  Первые 16 байт: 555501121BF50006001F00010000D531
  ... и еще 237 байт

Пакет #307 [13:11:12.876]
HEX: 55551201210500080000F50036
Длина: 13 байт
  Длина: 13 байт
  Маркер: 5555
  Адрес назначения: 0x12
  Адрес отправителя: 0x01
  Счетчик пакетов: 0x21
  Длина пакетов: 0x05
  Функция: 0x08
  Адр: 0x00 0x00
  Размер: 0x00 0xF5
  CRC: 0x36
  Первые 13 байт: 55551201210500080000F50036

Пакет #308 [13:11:13.042]
HEX: 5555011221F50006001F00010000D531010000000000000000000000000000000000003E759F4100000000AF7C123F323BA6410000C8420A57B44200000000000000000000000000000000DC22B33FD281F840F8EE47C3F8EE47C39CB7194204D79941000000000000000004D79941000000000000000066F5373F5BA86140D45138400000000000000000000000000000000000047B2200007B2200000000000000000000D30600000000000000000000000000000000000001000000000707030000000000000000000011E6E63EF0F0B14000000000000000001BD36044306D5F4401B92CFC4009E6783F782E793F371D793F29A1500014000000E6
Длина: 253 байт
  Длина: 253 байт
  Маркер: 5555
  Адрес назначения: 0x01
  Адрес отправителя: 0x12
  Счетчик пакетов: 0x21
  Длина пакетов: 0xF5
  Функция: 0x06
  Адр: 0x1F 0x00
  Размер: 0x01 0x00
  CRC: 0x00
  Первые 16 байт: 5555011221F50006001F00010000D531
  ... и еще 237 байт

Пакет #309 [13:11:13.055]
HEX: 55551201260500080000F5003B
Длина: 13 байт
  Длина: 13 байт
  Маркер: 5555
  Адрес назначения: 0x12
  Адрес отправителя: 0x01
  Счетчик пакетов: 0x26
  Длина пакетов: 0x05
  Функция: 0x08
  Адр: 0x00 0x00
  Размер: 0x00 0xF5
  CRC: 0x3B
  Первые 13 байт: 55551201260500080000F5003B

Пакет #310 [13:11:13.235]
HEX: 5555011226F50006001F00010000D531010000000000000000000000000000000000003E759F4100000000AF7C123F323BA6410000C8420A57B44200000000000000000000000000000000DC22B33FD281F840F8EE47C3F8EE47C39CB7194204D79941000000000000000004D79941000000000000000066F5373F5BA86140D45138400000000000000000000000000000000000047B2200007B2200000000000000000000D30600000000000000000000000000000000000001000000000707030000000000000000000011E6E63EF0F0B1400000000000000000188F604433B85F4401B92CFC4009E6783F782E793F371D793F29A1500014000000F2
Длина: 253 байт
  Длина: 253 байт
  Маркер: 5555
  Адрес назначения: 0x01
  Адрес отправителя: 0x12
  Счетчик пакетов: 0x26
  Длина пакетов: 0xF5
  Функция: 0x06
  Адр: 0x1F 0x00
  Размер: 0x01 0x00
  CRC: 0x00
  Первые 16 байт: 5555011226F50006001F00010000D531
  ... и еще 237 байт

Пакет #311 [13:11:13.252]
HEX: 555512012B0500080000F50040
Длина: 13 байт
  Длина: 13 байт
  Маркер: 5555
  Адрес назначения: 0x12
  Адрес отправителя: 0x01
  Счетчик пакетов: 0x2B
  Длина пакетов: 0x05
  Функция: 0x08
  Адр: 0x00 0x00
  Размер: 0x00 0xF5
  CRC: 0x40
  Первые 13 байт: 555512012B0500080000F50040

Пакет #312 [13:11:13.432]
HEX: 555501122BF50006001F00010000D631010000000000000000000000000000000000003E759F4100000000AF7C123F323BA6410000C8420A57B44200000000000000000000000000000000DC22B33FD281F840F8EE47C3F8EE47C39CB7194204D79941000000000000000004D79941000000000000000066F5373F5BA86140D45138400000000000000000000000000000000000047A2200007A2200000000000000000000D20600000000000000000000000000000000000001000000000707030000000000000000000011E6E63EF0F0B1400000000000000000188F604433B85F4401C41DFC4009E6783F782E793F371D793F2AA1500014000000F2
Длина: 253 байт
  Длина: 253 байт
  Маркер: 5555
  Адрес назначения: 0x01
  Адрес отправителя: 0x12
  Счетчик пакетов: 0x2B
  Длина пакетов: 0xF5
  Функция: 0x06
  Адр: 0x1F 0x00
  Размер: 0x01 0x00
  CRC: 0x00
  Первые 16 байт: 555501122BF50006001F00010000D631
  ... и еще 237 байт

Пакет #313 [13:11:13.443]
HEX: 55551201330500080000F50048
Длина: 13 байт
  Длина: 13 байт
  Маркер: 5555
  Адрес назначения: 0x12
  Адрес отправителя: 0x01
  Счетчик пакетов: 0x33
  Длина пакетов: 0x05
  Функция: 0x08
  Адр: 0x00 0x00
  Размер: 0x00 0xF5
  CRC: 0x48
  Первые 13 байт: 55551201330500080000F50048

Пакет #314 [13:11:13.619]
HEX: 5555011233F50006001F00010000D631010000000000000000000000000000000000003E759F4100000000AF7C123F323BA6410000C8420A57B44200000000000000000000000000000000DC22B33FD281F840F8EE47C3F8EE47C39CB7194204D79941000000000000000004D79941000000000000000066F5373FB4A76140A35238400000000000000000000000000000000000047A2200007A2200000000000000000000D20600000000000000000000000000000000000001000000000707030000000000000000000011E6E63EF0F0B1400000000000000000188F604433B85F4401C41DFC4009E6783F782E793F7F1C793F2AA150001400000069
Длина: 253 байт
  Длина: 253 байт
  Маркер: 5555
  Адрес назначения: 0x01
  Адрес отправителя: 0x12
  Счетчик пакетов: 0x33
  Длина пакетов: 0xF5
  Функция: 0x06
  Адр: 0x1F 0x00
  Размер: 0x01 0x00
  CRC: 0x00
  Первые 16 байт: 5555011233F50006001F00010000D631
  ... и еще 237 байт

Пакет #315 [13:11:13.641]
HEX: 55551201380500080000F5004D
Длина: 13 байт
  Длина: 13 байт
  Маркер: 5555
  Адрес назначения: 0x12
  Адрес отправителя: 0x01
  Счетчик пакетов: 0x38
  Длина пакетов: 0x05
  Функция: 0x08
  Адр: 0x00 0x00
  Размер: 0x00 0xF5
  CRC: 0x4D
  Первые 13 байт: 55551201380500080000F5004D

Пакет #316 [13:11:13.811]
HEX: 5555011238F50006001F00010000D631010000000000000000000000000000000000003E759F4100000000AF7C123F323BA6410000C8420A57B44200000000000000000000000000000000DC22B33FD281F840F8EE47C3F8EE47C39CB7194204D79941000000000000000004D79941000000000000000066F5373FB4A76140A35238400000000000000000000000000000000000047A2200007A2200000000000000000000D20600000000000000000000000000000000000001000000000707030000000000000000000011E6E63EF0F0B1400000000000000000B5A6604471A55F4401C41DFC4009E6783F782E793F7F1C793F2AA15000140000004D
Длина: 253 байт
  Длина: 253 байт
  Маркер: 5555
  Адрес назначения: 0x01
  Адрес отправителя: 0x12
  Счетчик пакетов: 0x38
  Длина пакетов: 0xF5
  Функция: 0x06
  Адр: 0x1F 0x00
  Размер: 0x01 0x00
  CRC: 0x00
  Первые 16 байт: 5555011238F50006001F00010000D631
  ... и еще 237 байт

Пакет #317 [13:11:13.833]
HEX: 555512013D0500080000F50052
Длина: 13 байт
  Длина: 13 байт
  Маркер: 5555
  Адрес назначения: 0x12
  Адрес отправителя: 0x01
  Счетчик пакетов: 0x3D
  Длина пакетов: 0x05
  Функция: 0x08
  Адр: 0x00 0x00
  Размер: 0x00 0xF5
  CRC: 0x52
  Первые 13 байт: 555512013D0500080000F50052

Пакет #318 [13:11:14.010]
HEX: 555501123DF50006001F00010000D631010000000000000000000000000000000000003E759F4100000000AF7C123F323BA6410000C8420A57B44200000000000000000000000000000000DC22B33FD281F840F8EE47C3F8EE47C39CB7194204D79941000000000000000004D79941000000000000000066F5373FB4A76140A35238400000000000000000000000000000000000047A2200007A2200000000000000000000D20600000000000000000000000000000000000001000000000707030000000000000000000011E6E63EF0F0B1400000000000000000B5A6604471A55F4401C41DFC4009E6783F782E793F7F1C793F2AA150001400000052
Длина: 253 байт
  Длина: 253 байт
  Маркер: 5555
  Адрес назначения: 0x01
  Адрес отправителя: 0x12
  Счетчик пакетов: 0x3D
  Длина пакетов: 0xF5
  Функция: 0x06
  Адр: 0x1F 0x00
  Размер: 0x01 0x00
  CRC: 0x00
  Первые 16 байт: 555501123DF50006001F00010000D631
  ... и еще 237 байт

Пакет #319 [13:11:14.021]
HEX: 55551201440500080000F50059
Длина: 13 байт
  Длина: 13 байт
  Маркер: 5555
  Адрес назначения: 0x12
  Адрес отправителя: 0x01
  Счетчик пакетов: 0x44
  Длина пакетов: 0x05
  Функция: 0x08
  Адр: 0x00 0x00
  Размер: 0x00 0xF5
  CRC: 0x59
  Первые 13 байт: 55551201440500080000F50059

Пакет #320 [13:11:14.198]
HEX: 5555011244F50006001F00010000D631010000000000000000000000000000000000003E759F4100000000AF7C123F323BA6410000C8420A57B44200000000000000000000000000000000DC22B33FD281F840F8EE47C3F8EE47C39CB7194204D79941000000000000000004D79941000000000000000066F5373FB4A76140A35238400000000000000000000000000000000000047A2200007A2200000000000000000000D20600000000000000000000000000000000000001000000000707030000000000000000000011E6E63EF0F0B1400000000000000000B5A6604471A55F4401C41DFC4009E6783F782E793F7F1C793F2AA150001400000059
Длина: 253 байт
  Длина: 253 байт
  Маркер: 5555
  Адрес назначения: 0x01
  Адрес отправителя: 0x12
  Счетчик пакетов: 0x44
  Длина пакетов: 0xF5
  Функция: 0x06
  Адр: 0x1F 0x00
  Размер: 0x01 0x00
  CRC: 0x00
  Первые 16 байт: 5555011244F50006001F00010000D631
  ... и еще 237 байт

Пакет #321 [13:11:14.209]
HEX: 55551201490500080000F5005E
Длина: 13 байт
  Длина: 13 байт
  Маркер: 5555
  Адрес назначения: 0x12
  Адрес отправителя: 0x01
  Счетчик пакетов: 0x49
  Длина пакетов: 0x05
  Функция: 0x08
  Адр: 0x00 0x00
  Размер: 0x00 0xF5
  CRC: 0x5E
  Первые 13 байт: 55551201490500080000F5005E

Пакет #322 [13:11:14.390]
HEX: 5555011249F50006001F00010000D6310100000000000000000000000000000000000061759F4100000000AF7C123F323BA6410000C8420A57B4420000000000000000000000000000000063EEB33FD281F840F8EE47C3F8EE47C39CB719421ED7994100000000000000001ED7994100000000000000007DF5373FB4A76140A35238400000000000000000000000000000000000047A2200007A2200000000000000000000D2060000000000000000000000000000000000000100000000070703000000000000000000009CECE63EA3C8B0400000000000000000E97F604471A55F4401C41DFC4009E6783F982E793F7F1C793F2AA150001400000067
Длина: 253 байт
  Длина: 253 байт
  Маркер: 5555
  Адрес назначения: 0x01
  Адрес отправителя: 0x12
  Счетчик пакетов: 0x49
  Длина пакетов: 0xF5
  Функция: 0x06
  Адр: 0x1F 0x00
  Размер: 0x01 0x00
  CRC: 0x00
  Первые 16 байт: 5555011249F50006001F00010000D631
  ... и еще 237 байт

Пакет #323 [13:11:14.407]
HEX: 555512014E0500080000F50063
Длина: 13 байт
  Длина: 13 байт
  Маркер: 5555
  Адрес назначения: 0x12
  Адрес отправителя: 0x01
  Счетчик пакетов: 0x4E
  Длина пакетов: 0x05
  Функция: 0x08
  Адр: 0x00 0x00
  Размер: 0x00 0xF5
  CRC: 0x63
  Первые 13 байт: 555512014E0500080000F50063

Пакет #324 [13:11:14.580]
HEX: 555501124EF50006001F00010000D7310100000000000000000000000000000000000061759F4100000000337A123F033EA6410000C8420A57B4420000000000000000000000000000000063EEB33FD281F840F8EE47C3F8EE47C39CB719421ED7994100000000000000001ED7994100000000000000007DF5373FB4A76140A352384000000000000000000000000000000000000479220000792200000000000000000000D1060000000000000000000000000000000000000100000000070703000000000000000000009CECE63EA3C8B0400000000000000000E97F6044A1925F4401E719FC4009E6783F982E793F7F1C793F2BA1500014000000FD
Длина: 253 байт
  Длина: 253 байт
  Маркер: 5555
  Адрес назначения: 0x01
  Адрес отправителя: 0x12
  Счетчик пакетов: 0x4E
  Длина пакетов: 0xF5
  Функция: 0x06
  Адр: 0x1F 0x00
  Размер: 0x01 0x00
  CRC: 0x00
  Первые 16 байт: 555501124EF50006001F00010000D731
  ... и еще 237 байт

Пакет #325 [13:11:14.596]
HEX: 55551201560500080000F5006B
Длина: 13 байт
  Длина: 13 байт
  Маркер: 5555
  Адрес назначения: 0x12
  Адрес отправителя: 0x01
  Счетчик пакетов: 0x56
  Длина пакетов: 0x05
  Функция: 0x08
  Адр: 0x00 0x00
  Размер: 0x00 0xF5
  CRC: 0x6B
  Первые 13 байт: 55551201560500080000F5006B

Пакет #326 [13:11:14.770]
HEX: 5555011256F50006001F00010000D7310100000000000000000000000000000000000061759F4100000000337A123F033EA6410000C8420A57B4420000000000000000000000000000000063EEB33FD281F840F8EE47C3F8EE47C39CB719421ED7994100000000000000001ED7994100000000000000007DF5373FB4A76140A352384000000000000000000000000000000000000479220000792200000000000000000000D1060000000000000000000000000000000000000100000000070703000000000000000000009CECE63EA3C8B0400000000000000000E97F6044A1925F4401E719FC4009E6783F982E793F7F1C793F2BA150001400000005
Длина: 253 байт
  Длина: 253 байт
  Маркер: 5555
  Адрес назначения: 0x01
  Адрес отправителя: 0x12
  Счетчик пакетов: 0x56
  Длина пакетов: 0xF5
  Функция: 0x06
  Адр: 0x1F 0x00
  Размер: 0x01 0x00
  CRC: 0x00
  Первые 16 байт: 5555011256F50006001F00010000D731
  ... и еще 237 байт

Пакет #327 [13:11:14.792]
HEX: 555512015B0500080000F50070
Длина: 13 байт
  Длина: 13 байт
  Маркер: 5555
  Адрес назначения: 0x12
  Адрес отправителя: 0x01
  Счетчик пакетов: 0x5B
  Длина пакетов: 0x05
  Функция: 0x08
  Адр: 0x00 0x00
  Размер: 0x00 0xF5
  CRC: 0x70
  Первые 13 байт: 555512015B0500080000F50070

Пакет #328 [13:11:14.961]
HEX: 555501125BF50006001F00010000D7310100000000000000000000000000000000000061759F4100000000337A123F033EA6410000C8420A57B4420000000000000000000000000000000063EEB33FD281F840F8EE47C3F8EE47C39CB719421ED7994100000000000000001ED7994100000000000000007DF5373FB4A76140A352384000000000000000000000000000000000000479220000792200000000000000000000D1060000000000000000000000000000000000000100000000070703000000000000000000009CECE63EA3C8B04000000000000000006F6B6044A1925F4401E719FC4009E6783F982E793F7F1C793F2BA15000140000007C
Длина: 253 байт
  Длина: 253 байт
  Маркер: 5555
  Адрес назначения: 0x01
  Адрес отправителя: 0x12
  Счетчик пакетов: 0x5B
  Длина пакетов: 0xF5
  Функция: 0x06
  Адр: 0x1F 0x00
  Размер: 0x01 0x00
  CRC: 0x00
  Первые 16 байт: 555501125BF50006001F00010000D731
  ... и еще 237 байт

Пакет #329 [13:11:14.973]
HEX: 55551201600500080000F50075
Длина: 13 байт
  Длина: 13 байт
  Маркер: 5555
  Адрес назначения: 0x12
  Адрес отправителя: 0x01
  Счетчик пакетов: 0x60
  Длина пакетов: 0x05
  Функция: 0x08
  Адр: 0x00 0x00
  Размер: 0x00 0xF5
  CRC: 0x75
  Первые 13 байт: 55551201600500080000F50075

Пакет #330 [13:11:15.154]
HEX: 5555011260F50006001F00010000D7310100000000000000000000000000000000000061759F4100000000337A123F033EA6410000C8420A57B4420000000000000000000000000000000063EEB33FC8E7F940F8EE47C3F8EE47C347BC19421ED7994100000000000000001ED7994100000000000000007DF5373FB7A86140B553384000000000000000000000000000000000000479220000792200000000000000000000D1060000000000000000000000000000000000000100000000070703000000000000000000009CECE63EA3C8B04000000000000000006F6B604426E35F4401E719FC4079E5783F982E793F231C793F2BA15000140000008E
Длина: 253 байт
  Длина: 253 байт
  Маркер: 5555
  Адрес назначения: 0x01
  Адрес отправителя: 0x12
  Счетчик пакетов: 0x60
  Длина пакетов: 0xF5
  Функция: 0x06
  Адр: 0x1F 0x00
  Размер: 0x01 0x00
  CRC: 0x00
  Первые 16 байт: 5555011260F50006001F00010000D731
  ... и еще 237 байт

Пакет #331 [13:11:15.177]
HEX: 55551201660500080000F5007B
Длина: 13 байт
  Длина: 13 байт
  Маркер: 5555
  Адрес назначения: 0x12
  Адрес отправителя: 0x01
  Счетчик пакетов: 0x66
  Длина пакетов: 0x05
  Функция: 0x08
  Адр: 0x00 0x00
  Размер: 0x00 0xF5
  CRC: 0x7B
  Первые 13 байт: 55551201660500080000F5007B

Пакет #332 [13:11:15.346]
HEX: 5555011266F50006001F00010000D7310100000000000000000000000000000000000061759F4100000000337A123F033EA6410000C8420A57B4420000000000000000000000000000000063EEB33FC8E7F940F8EE47C3F8EE47C347BC19421ED7994100000000000000001ED7994100000000000000007DF5373FB7A86140B553384000000000000000000000000000000000000479220000792200000000000000000000D1060000000000000000000000000000000000000100000000070703000000000000000000009CECE63EA3C8B04000000000000000006F6B604426E35F4401E719FC4079E5783F982E793F231C793F2BA150001400000094
Длина: 253 байт
  Длина: 253 байт
  Маркер: 5555
  Адрес назначения: 0x01
  Адрес отправителя: 0x12
  Счетчик пакетов: 0x66
  Длина пакетов: 0xF5
  Функция: 0x06
  Адр: 0x1F 0x00
  Размер: 0x01 0x00
  CRC: 0x00
  Первые 16 байт: 5555011266F50006001F00010000D731
  ... и еще 237 байт

Пакет #333 [13:11:15.367]
HEX: 555512016E0500080000F50083
Длина: 13 байт
  Длина: 13 байт
  Маркер: 5555
  Адрес назначения: 0x12
  Адрес отправителя: 0x01
  Счетчик пакетов: 0x6E
  Длина пакетов: 0x05
  Функция: 0x08
  Адр: 0x00 0x00
  Размер: 0x00 0xF5
  CRC: 0x83
  Первые 13 байт: 555512016E0500080000F50083

Пакет #334 [13:11:15.536]
HEX: 555501126EF50006001F00010000D8310100000000000000000000000000000000000061759F4100000000337A123F033EA6410000C8420A57B4420000000000000000000000000000000063EEB33FC8E7F940F8EE47C3F8EE47C347BC19421ED7994100000000000000001ED7994100000000000000007DF5373FB7A86140B553384000000000000000000000000000000000000478220000782200000000000000000000D0060000000000000000000000000000000000000100000000070703000000000000000000009CECE63EA3C8B0400000000000000000593E604426E35F4401D075FB4079E5783F982E793F231C793F2CA15000140000009C
Длина: 253 байт
  Длина: 253 байт
  Маркер: 5555
  Адрес назначения: 0x01
  Адрес отправителя: 0x12
  Счетчик пакетов: 0x6E
  Длина пакетов: 0xF5
  Функция: 0x06
  Адр: 0x1F 0x00
  Размер: 0x01 0x00
  CRC: 0x00
  Первые 16 байт: 555501126EF50006001F00010000D831
  ... и еще 237 байт

Пакет #335 [13:11:15.558]
HEX: 55551201730500080000F50088
Длина: 13 байт
  Длина: 13 байт
  Маркер: 5555
  Адрес назначения: 0x12
  Адрес отправителя: 0x01
  Счетчик пакетов: 0x73
  Длина пакетов: 0x05
  Функция: 0x08
  Адр: 0x00 0x00
  Размер: 0x00 0xF5
  CRC: 0x88
  Первые 13 байт: 55551201730500080000F50088

Пакет #336 [13:11:15.744]
HEX: 5555011273F50006001F00010000D8310100000000000000000000000000000000000061759F4100000000337A123F033EA6410000C8420A57B4420000000000000000000000000000000063EEB33FC8E7F940F8EE47C3F8EE47C347BC19421ED7994100000000000000001ED7994100000000000000007DF5373FB7A86140B553384000000000000000000000000000000000000478220000782200000000000000000000D0060000000000000000000000000000000000000100000000070703000000000000000000009CECE63EA3C8B0400000000000000000593E604426E35F4401D075FB4079E5783F982E793F231C793F2CA1500014000000A1
Длина: 253 байт
  Длина: 253 байт
  Маркер: 5555
  Адрес назначения: 0x01
  Адрес отправителя: 0x12
  Счетчик пакетов: 0x73
  Длина пакетов: 0xF5
  Функция: 0x06
  Адр: 0x1F 0x00
  Размер: 0x01 0x00
  CRC: 0x00
  Первые 16 байт: 5555011273F50006001F00010000D831
  ... и еще 237 байт

Пакет #337 [13:11:15.748]
HEX: 55551201780500080000F5008D
Длина: 13 байт
  Длина: 13 байт
  Маркер: 5555
  Адрес назначения: 0x12
  Адрес отправителя: 0x01
  Счетчик пакетов: 0x78
  Длина пакетов: 0x05
  Функция: 0x08
  Адр: 0x00 0x00
  Размер: 0x00 0xF5
  CRC: 0x8D
  Первые 13 байт: 55551201780500080000F5008D

Пакет #338 [13:11:15.909]
HEX: 5555011278F50006001F00010000D8310100000000000000000000000000000000000061759F4100000000337A123F033EA6410000C8420A57B4420000000000000000000000000000000063EEB33FC8E7F940F8EE47C3F8EE47C347BC19421ED7994100000000000000001ED7994100000000000000007DF5373FB7A86140B553384000000000000000000000000000000000000478220000782200000000000000000000D0060000000000000000000000000000000000000100000000070703000000000000000000009CECE63EA3C8B0400000000000000000593E60443EDD5F4401D075FB4079E5783F982E793F231C793F2CA1500014000000B8
Длина: 253 байт
  Длина: 253 байт
  Маркер: 5555
  Адрес назначения: 0x01
  Адрес отправителя: 0x12
  Счетчик пакетов: 0x78
  Длина пакетов: 0xF5
  Функция: 0x06
  Адр: 0x1F 0x00
  Размер: 0x01 0x00
  CRC: 0x00
  Первые 16 байт: 5555011278F50006001F00010000D831
  ... и еще 237 байт

Пакет #339 [13:11:15.920]
HEX: 555512017E0500080000F50093
Длина: 13 байт
  Длина: 13 байт
  Маркер: 5555
  Адрес назначения: 0x12
  Адрес отправителя: 0x01
  Счетчик пакетов: 0x7E
  Длина пакетов: 0x05
  Функция: 0x08
  Адр: 0x00 0x00
  Размер: 0x00 0xF5
  CRC: 0x93
  Первые 13 байт: 555512017E0500080000F50093

Пакет #340 [13:11:16.102]
HEX: 555501127EF50006001F00010000D8310100000000000000000000000000000000000061759F4100000000337A123F033EA6410000C8420A57B4420000000000000000000000000000000063EEB33FC8E7F940F8EE47C3F8EE47C347BC19421ED7994100000000000000001ED7994100000000000000007DF5373FB7A86140B553384000000000000000000000000000000000000478220000782200000000000000000000D0060000000000000000000000000000000000000100000000070703000000000000000000009CECE63EA3C8B0400000000000000000696860443EDD5F4401D075FB4079E5783F982E793F231C793F2CA1500014000000F8
Длина: 253 байт
  Длина: 253 байт
  Маркер: 5555
  Адрес назначения: 0x01
  Адрес отправителя: 0x12
  Счетчик пакетов: 0x7E
  Длина пакетов: 0xF5
  Функция: 0x06
  Адр: 0x1F 0x00
  Размер: 0x01 0x00
  CRC: 0x00
  Первые 16 байт: 555501127EF50006001F00010000D831
  ... и еще 237 байт

Пакет #341 [13:11:16.118]
HEX: 55551201830500080000F50098
Длина: 13 байт
  Длина: 13 байт
  Маркер: 5555
  Адрес назначения: 0x12
  Адрес отправителя: 0x01
  Счетчик пакетов: 0x83
  Длина пакетов: 0x05
  Функция: 0x08
  Адр: 0x00 0x00
  Размер: 0x00 0xF5
  CRC: 0x98
  Первые 13 байт: 55551201830500080000F50098

Пакет #342 [13:11:16.295]
HEX: 5555011283F50006001F00010000D8310100000000000000000000000000000000000061759F4100000000337A123F033EA6410000C8420A57B4420000000000000000000000000000000063EEB33FC8E7F940F8EE47C3F8EE47C347BC19421ED7994100000000000000001ED7994100000000000000007DF5373FB7A86140B553384000000000000000000000000000000000000478220000782200000000000000000000D0060000000000000000000000000000000000000100000000070703000000000000000000009CECE63EA3C8B0400000000000000000696860443EDD5F4401D075FB4079E5783F982E793F231C793F2CA1500014000000FD
Длина: 253 байт
  Длина: 253 байт
  Маркер: 5555
  Адрес назначения: 0x01
  Адрес отправителя: 0x12
  Счетчик пакетов: 0x83
  Длина пакетов: 0xF5
  Функция: 0x06
  Адр: 0x1F 0x00
  Размер: 0x01 0x00
  CRC: 0x00
  Первые 16 байт: 5555011283F50006001F00010000D831
  ... и еще 237 байт

Пакет #343 [13:11:16.306]
HEX: 55551201880500080000F5009D
Длина: 13 байт
  Длина: 13 байт
  Маркер: 5555
  Адрес назначения: 0x12
  Адрес отправителя: 0x01
  Счетчик пакетов: 0x88
  Длина пакетов: 0x05
  Функция: 0x08
  Адр: 0x00 0x00
  Размер: 0x00 0xF5
  CRC: 0x9D
  Первые 13 байт: 55551201880500080000F5009D

Пакет #344 [13:11:16.487]
HEX: 5555011288F50006001F00010000D9310100000000000000000000000000000000000061759F4100000000337A123F033EA6410000C8420A57B4420000000000000000000000000000000063EEB33FC8E7F940F8EE47C3F8EE47C347BC19421ED7994100000000000000001ED7994100000000000000007DF5373FB7A86140B553384000000000000000000000000000000000000477220000772200000000000000000000CF060000000000000000000000000000000000000100000000070703000000000000000000009CECE63EA3C8B04000000000000000006968604496B05F4401073EFB4079E5783F982E793F231C793F2DA15000140000002C
Длина: 253 байт
  Длина: 253 байт
  Маркер: 5555
  Адрес назначения: 0x01
  Адрес отправителя: 0x12
  Счетчик пакетов: 0x88
  Длина пакетов: 0xF5
  Функция: 0x06
  Адр: 0x1F 0x00
  Размер: 0x01 0x00
  CRC: 0x00
  Первые 16 байт: 5555011288F50006001F00010000D931
  ... и еще 237 байт

Пакет #345 [13:11:16.499]
HEX: 55551201910500080000F500A6
Длина: 13 байт
  Длина: 13 байт
  Маркер: 5555
  Адрес назначения: 0x12
  Адрес отправителя: 0x01
  Счетчик пакетов: 0x91
  Длина пакетов: 0x05
  Функция: 0x08
  Адр: 0x00 0x00
  Размер: 0x00 0xF5
  CRC: 0xA6
  Первые 13 байт: 55551201910500080000F500A6

Пакет #346 [13:11:16.698]
HEX: 5555011291F50006001F00010000D9310100000000000000000000000000000000000038799F4100000000337A123F033EA6410000C8420A57B44200000000000000000000000000000000C2DEB33FC8E7F940F8EE47C3F8EE47C347BC19420EDA994100000000000000000EDA994100000000000000000DF8373F8DA861409353384000000000000000000000000000000000000477220000772200000000000000000000CF06000000000000000000000000000000000000010000000007070300000000000000000000CAEBE63EBBD6B1400000000000000000BE68604496B05F4401073EFB4079E5783FB62D793FF51B793F2DA150001400000023
Длина: 253 байт
  Длина: 253 байт
  Маркер: 5555
  Адрес назначения: 0x01
  Адрес отправителя: 0x12
  Счетчик пакетов: 0x91
  Длина пакетов: 0xF5
  Функция: 0x06
  Адр: 0x1F 0x00
  Размер: 0x01 0x00
  CRC: 0x00
  Первые 16 байт: 5555011291F50006001F00010000D931
  ... и еще 237 байт

Пакет #347 [13:11:16.700]
HEX: 55551201960500080000F500AB
Длина: 13 байт
  Длина: 13 байт
  Маркер: 5555
  Адрес назначения: 0x12
  Адрес отправителя: 0x01
  Счетчик пакетов: 0x96
  Длина пакетов: 0x05
  Функция: 0x08
  Адр: 0x00 0x00
  Размер: 0x00 0xF5
  CRC: 0xAB
  Первые 13 байт: 55551201960500080000F500AB

Пакет #348 [13:11:16.868]
HEX: 5555011296F50006001F00010000D9310100000000000000000000000000000000000038799F4100000000337A123F033EA6410000C8420A57B44200000000000000000000000000000000C2DEB33FC8E7F940F8EE47C3F8EE47C347BC19420EDA994100000000000000000EDA994100000000000000000DF8373F8DA861409353384000000000000000000000000000000000000477220000772200000000000000000000CF06000000000000000000000000000000000000010000000007070300000000000000000000CAEBE63EBBD6B1400000000000000000BE68604496B05F4401073EFB4079E5783FB62D793FF51B793F2DA150001400000028
Длина: 253 байт
  Длина: 253 байт
  Маркер: 5555
  Адрес назначения: 0x01
  Адрес отправителя: 0x12
  Счетчик пакетов: 0x96
  Длина пакетов: 0xF5
  Функция: 0x06
  Адр: 0x1F 0x00
  Размер: 0x01 0x00
  CRC: 0x00
  Первые 16 байт: 5555011296F50006001F00010000D931
  ... и еще 237 байт

Пакет #349 [13:11:16.880]
HEX: 555512019A0500080000F500AF
Длина: 13 байт
  Длина: 13 байт
  Маркер: 5555
  Адрес назначения: 0x12
  Адрес отправителя: 0x01
  Счетчик пакетов: 0x9A
  Длина пакетов: 0x05
  Функция: 0x08
  Адр: 0x00 0x00
  Размер: 0x00 0xF5
  CRC: 0xAF
  Первые 13 байт: 555512019A0500080000F500AF

Пакет #350 [13:11:17.060]
HEX: 555501129AF50006001F00010000D9310100000000000000000000000000000000000038799F4100000000337A123F033EA6410000C8420A57B44200000000000000000000000000000000C2DEB33FC8E7F940F8EE47C3F8EE47C347BC19420EDA994100000000000000000EDA994100000000000000000DF8373F8DA861409353384000000000000000000000000000000000000477220000772200000000000000000000CF06000000000000000000000000000000000000010000000007070300000000000000000000CAEBE63EBBD6B1400000000000000000BE68604496B05F4401073EFB4079E5783FB62D793FF51B793F2DA15000140000002C
Длина: 253 байт
  Длина: 253 байт
  Маркер: 5555
  Адрес назначения: 0x01
  Адрес отправителя: 0x12
  Счетчик пакетов: 0x9A
  Длина пакетов: 0xF5
  Функция: 0x06
  Адр: 0x1F 0x00
  Размер: 0x01 0x00
  CRC: 0x00
  Первые 16 байт: 555501129AF50006001F00010000D931
  ... и еще 237 байт

Пакет #351 [13:11:17.072]
HEX: 55551201A10500080000F500B6
Длина: 13 байт
  Длина: 13 байт
  Маркер: 5555
  Адрес назначения: 0x12
  Адрес отправителя: 0x01
  Счетчик пакетов: 0xA1
  Длина пакетов: 0x05
  Функция: 0x08
  Адр: 0x00 0x00
  Размер: 0x00 0xF5
  CRC: 0xB6
  Первые 13 байт: 55551201A10500080000F500B6

Пакет #352 [13:11:17.256]
HEX: 55550112A1F50006001F00010000D9310100000000000000000000000000000000000038799F4100000000337A123F033EA6410000C8420A57B44200000000000000000000000000000000C2DEB33FC8E7F940F8EE47C3F8EE47C347BC19420EDA994100000000000000000EDA994100000000000000000DF8373F8DA861409353384000000000000000000000000000000000000477220000772200000000000000000000CF06000000000000000000000000000000000000010000000007070300000000000000000000CAEBE63EBBD6B1400000000000000000DD8E6044B3DE5F4401073EFB4079E5783FB62D793FF51B793F2DA1500014000000C3
Длина: 253 байт
  Длина: 253 байт
  Маркер: 5555
  Адрес назначения: 0x01
  Адрес отправителя: 0x12
  Счетчик пакетов: 0xA1
  Длина пакетов: 0xF5
  Функция: 0x06
  Адр: 0x1F 0x00
  Размер: 0x01 0x00
  CRC: 0x00
  Первые 16 байт: 55550112A1F50006001F00010000D931
  ... и еще 237 байт

Пакет #353 [13:11:17.268]
HEX: 55551201A60500080000F500BB
Длина: 13 байт
  Длина: 13 байт
  Маркер: 5555
  Адрес назначения: 0x12
  Адрес отправителя: 0x01
  Счетчик пакетов: 0xA6
  Длина пакетов: 0x05
  Функция: 0x08
  Адр: 0x00 0x00
  Размер: 0x00 0xF5
  CRC: 0xBB
  Первые 13 байт: 55551201A60500080000F500BB

Пакет #354 [13:11:17.440]
HEX: 55550112A6F50006001F00010000DA310100000000000000000000000000000000000038799F41000000006E34123F588DA6410000C8420A57B44200000000000000000000000000000000C2DEB33FC8E7F940F8EE47C3F8EE47C347BC19420EDA994100000000000000000EDA994100000000000000000DF8373F8DA861409353384000000000000000000000000000000000000476220000762200000000000000000000CE06000000000000000000000000000000000000010000000007070300000000000000000000CAEBE63EBBD6B1400000000000000000DD8E6044B3DE5F4401354DFB4079E5783FB62D793FF51B793F2EA15000140000009D
Длина: 253 байт
  Длина: 253 байт
  Маркер: 5555
  Адрес назначения: 0x01
  Адрес отправителя: 0x12
  Счетчик пакетов: 0xA6
  Длина пакетов: 0xF5
  Функция: 0x06
  Адр: 0x1F 0x00
  Размер: 0x01 0x00
  CRC: 0x00
  Первые 16 байт: 55550112A6F50006001F00010000DA31
  ... и еще 237 байт

Пакет #355 [13:11:17.457]
HEX: 55551201AD0500080000F500C2
Длина: 13 байт
  Длина: 13 байт
  Маркер: 5555
  Адрес назначения: 0x12
  Адрес отправителя: 0x01
  Счетчик пакетов: 0xAD
  Длина пакетов: 0x05
  Функция: 0x08
  Адр: 0x00 0x00
  Размер: 0x00 0xF5
  CRC: 0xC2
  Первые 13 байт: 55551201AD0500080000F500C2

Пакет #356 [13:11:17.638]
HEX: 55550112ADF50006001F00010000DA310100000000000000000000000000000000000038799F41000000006E34123F588DA6410000C8420A57B44200000000000000000000000000000000C2DEB33FC8E7F940F8EE47C3F8EE47C347BC19420EDA994100000000000000000EDA994100000000000000000DF8373F8DA861409353384000000000000000000000000000000000000476220000762200000000000000000000CE06000000000000000000000000000000000000010000000007070300000000000000000000CAEBE63EBBD6B1400000000000000000DD8E6044B3DE5F4401354DFB4079E5783FB62D793FF51B793F2EA1500014000000A4
Длина: 253 байт
  Длина: 253 байт
  Маркер: 5555
  Адрес назначения: 0x01
  Адрес отправителя: 0x12
  Счетчик пакетов: 0xAD
  Длина пакетов: 0xF5
  Функция: 0x06
  Адр: 0x1F 0x00
  Размер: 0x01 0x00
  CRC: 0x00
  Первые 16 байт: 55550112ADF50006001F00010000DA31
  ... и еще 237 байт

Пакет #357 [13:11:17.650]
HEX: 55551201B30500080000F500C8
Длина: 13 байт
  Длина: 13 байт
  Маркер: 5555
  Адрес назначения: 0x12
  Адрес отправителя: 0x01
  Счетчик пакетов: 0xB3
  Длина пакетов: 0x05
  Функция: 0x08
  Адр: 0x00 0x00
  Размер: 0x00 0xF5
  CRC: 0xC8
  Первые 13 байт: 55551201B30500080000F500C8

Пакет #358 [13:11:17.832]
HEX: 55550112B3F50006001F00010000DA310100000000000000000000000000000000000038799F41000000006E34123F588DA6410000C8420A57B44200000000000000000000000000000000C2DEB33FC8E7F940F8EE47C3F8EE47C347BC19420EDA994100000000000000000EDA994100000000000000000DF8373F8DA861409353384000000000000000000000000000000000000476220000762200000000000000000000CE06000000000000000000000000000000000000010000000007070300000000000000000000CAEBE63EBBD6B140000000000000000045406044B3DE5F4401354DFB4079E5783FB62D793FF51B793F2EA1500014000000C4
Длина: 253 байт
  Длина: 253 байт
  Маркер: 5555
  Адрес назначения: 0x01
  Адрес отправителя: 0x12
  Счетчик пакетов: 0xB3
  Длина пакетов: 0xF5
  Функция: 0x06
  Адр: 0x1F 0x00
  Размер: 0x01 0x00
  CRC: 0x00
  Первые 16 байт: 55550112B3F50006001F00010000DA31
  ... и еще 237 байт

Пакет #359 [13:11:17.845]
HEX: 55551201B90500080000F500CE
Длина: 13 байт
  Длина: 13 байт
  Маркер: 5555
  Адрес назначения: 0x12
  Адрес отправителя: 0x01
  Счетчик пакетов: 0xB9
  Длина пакетов: 0x05
  Функция: 0x08
  Адр: 0x00 0x00
  Размер: 0x00 0xF5
  CRC: 0xCE
  Первые 13 байт: 55551201B90500080000F500CE

Пакет #360 [13:11:18.027]
HEX: 55550112B9F50006001F00010000DA310100000000000000000000000000000000000038799F41000000006E34123F588DA6410000C8420A57B44200000000000000000000000000000000C2DEB33F8240F940F8EE47C3F8EE47C317B719420EDA994100000000000000000EDA994100000000000000000DF8373F8DA861409353384000000000000000000000000000000000000476220000762200000000000000000000CE06000000000000000000000000000000000000010000000007070300000000000000000000CAEBE63EBBD6B14000000000000000004540604441C65F4401354DFB4031E5783FB62D793FF51B793F2EA1500014000000D6
Длина: 253 байт
  Длина: 253 байт
  Маркер: 5555
  Адрес назначения: 0x01
  Адрес отправителя: 0x12
  Счетчик пакетов: 0xB9
  Длина пакетов: 0xF5
  Функция: 0x06
  Адр: 0x1F 0x00
  Размер: 0x01 0x00
  CRC: 0x00
  Первые 16 байт: 55550112B9F50006001F00010000DA31
  ... и еще 237 байт

Пакет #361 [13:11:18.039]
HEX: 55551201BE0500080000F500D3
Длина: 13 байт
  Длина: 13 байт
  Маркер: 5555
  Адрес назначения: 0x12
  Адрес отправителя: 0x01
  Счетчик пакетов: 0xBE
  Длина пакетов: 0x05
  Функция: 0x08
  Адр: 0x00 0x00
  Размер: 0x00 0xF5
  CRC: 0xD3
  Первые 13 байт: 55551201BE0500080000F500D3

Пакет #362 [13:11:18.216]
HEX: 55550112BEF50006001F00010000DA310100000000000000000000000000000000000038799F41000000006E34123F588DA6410000C8420A57B44200000000000000000000000000000000C2DEB33F8240F940F8EE47C3F8EE47C317B719420EDA994100000000000000000EDA994100000000000000000DF8373F79A861408253384000000000000000000000000000000000000476220000762200000000000000000000CE06000000000000000000000000000000000000010000000007070300000000000000000000CAEBE63EBBD6B14000000000000000004540604441C65F4401354DFB4031E5783FB62D793FDE1B793F2EA15000140000009F
Длина: 253 байт
  Длина: 253 байт
  Маркер: 5555
  Адрес назначения: 0x01
  Адрес отправителя: 0x12
  Счетчик пакетов: 0xBE
  Длина пакетов: 0xF5
  Функция: 0x06
  Адр: 0x1F 0x00
  Размер: 0x01 0x00
  CRC: 0x00
  Первые 16 байт: 55550112BEF50006001F00010000DA31
  ... и еще 237 байт

Пакет #363 [13:11:18.228]
HEX: 55551201C30500080000F500D8
Длина: 13 байт
  Длина: 13 байт
  Маркер: 5555
  Адрес назначения: 0x12
  Адрес отправителя: 0x01
  Счетчик пакетов: 0xC3
  Длина пакетов: 0x05
  Функция: 0x08
  Адр: 0x00 0x00
  Размер: 0x00 0xF5
  CRC: 0xD8
  Первые 13 байт: 55551201C30500080000F500D8

Пакет #364 [13:11:18.400]
HEX: 55550112C3F50006001F00010000DB310100000000000000000000000000000000000038799F41000000006E34123F588DA6410000C8420A57B44200000000000000000000000000000000C2DEB33F8240F940F8EE47C3F8EE47C317B719420EDA994100000000000000000EDA994100000000000000000DF8373F79A861408253384000000000000000000000000000000000000475220000752200000000000000000000CD06000000000000000000000000000000000000010000000007070300000000000000000000CAEBE63EBBD6B1400000000000000000DC54604441C65F440177FEFA4031E5783FB62D793FDE1B793F2FA150001400000040
Длина: 253 байт
  Длина: 253 байт
  Маркер: 5555
  Адрес назначения: 0x01
  Адрес отправителя: 0x12
  Счетчик пакетов: 0xC3
  Длина пакетов: 0xF5
  Функция: 0x06
  Адр: 0x1F 0x00
  Размер: 0x01 0x00
  CRC: 0x00
  Первые 16 байт: 55550112C3F50006001F00010000DB31
  ... и еще 237 байт

Пакет #365 [13:11:18.422]
HEX: 55551201CB0500080000F500E0
Длина: 13 байт
  Длина: 13 байт
  Маркер: 5555
  Адрес назначения: 0x12
  Адрес отправителя: 0x01
  Счетчик пакетов: 0xCB
  Длина пакетов: 0x05
  Функция: 0x08
  Адр: 0x00 0x00
  Размер: 0x00 0xF5
  CRC: 0xE0
  Первые 13 байт: 55551201CB0500080000F500E0

Пакет #366 [13:11:18.594]
HEX: 55550112CBF50006001F00010000DB310100000000000000000000000000000000000038799F41000000006E34123F588DA6410000C8420A57B44200000000000000000000000000000000C2DEB33F8240F940F8EE47C3F8EE47C317B719420EDA994100000000000000000EDA994100000000000000000DF8373F79A861408253384000000000000000000000000000000000000475220000752200000000000000000000CD06000000000000000000000000000000000000010000000007070300000000000000000000CAEBE63EBBD6B1400000000000000000DC546044A9D65F440177FEFA4031E5783FB62D793FDE1B793F2FA1500014000000C0
Длина: 253 байт
  Длина: 253 байт
  Маркер: 5555
  Адрес назначения: 0x01
  Адрес отправителя: 0x12
  Счетчик пакетов: 0xCB
  Длина пакетов: 0xF5
  Функция: 0x06
  Адр: 0x1F 0x00
  Размер: 0x01 0x00
  CRC: 0x00
  Первые 16 байт: 55550112CBF50006001F00010000DB31
  ... и еще 237 байт

Пакет #367 [13:11:18.606]
HEX: 55551201D00500080000F500E5
Длина: 13 байт
  Длина: 13 байт
  Маркер: 5555
  Адрес назначения: 0x12
  Адрес отправителя: 0x01
  Счетчик пакетов: 0xD0
  Длина пакетов: 0x05
  Функция: 0x08
  Адр: 0x00 0x00
  Размер: 0x00 0xF5
  CRC: 0xE5
  Первые 13 байт: 55551201D00500080000F500E5

Пакет #368 [13:11:18.785]
HEX: 55550112D0F50006001F00010000DB310100000000000000000000000000000000000038799F41000000006E34123F588DA6410000C8420A57B44200000000000000000000000000000000C2DEB33F8240F940F8EE47C3F8EE47C317B719420EDA994100000000000000000EDA994100000000000000000DF8373F79A861408253384000000000000000000000000000000000000475220000752200000000000000000000CD06000000000000000000000000000000000000010000000007070300000000000000000000CAEBE63EBBD6B1400000000000000000DC546044A9D65F440177FEFA4031E5783FB62D793FDE1B793F2FA1500014000000C5
Длина: 253 байт
  Длина: 253 байт
  Маркер: 5555
  Адрес назначения: 0x01
  Адрес отправителя: 0x12
  Счетчик пакетов: 0xD0
  Длина пакетов: 0xF5
  Функция: 0x06
  Адр: 0x1F 0x00
  Размер: 0x01 0x00
  CRC: 0x00
  Первые 16 байт: 55550112D0F50006001F00010000DB31
  ... и еще 237 байт

Пакет #369 [13:11:18.803]
HEX: 55551201D50500080000F500EA
Длина: 13 байт
  Длина: 13 байт
  Маркер: 5555
  Адрес назначения: 0x12
  Адрес отправителя: 0x01
  Счетчик пакетов: 0xD5
  Длина пакетов: 0x05
  Функция: 0x08
  Адр: 0x00 0x00
  Размер: 0x00 0xF5
  CRC: 0xEA
  Первые 13 байт: 55551201D50500080000F500EA

Пакет #370 [13:11:18.980]
HEX: 55550112D5F50006001F00010000DB310100000000000000000000000000000000000038799F41000000006E34123F588DA6410000C8420A57B44200000000000000000000000000000000C2DEB33F8240F940F8EE47C3F8EE47C317B719420EDA994100000000000000000EDA994100000000000000000DF8373F79A861408253384000000000000000000000000000000000000475220000752200000000000000000000CD06000000000000000000000000000000000000010000000007070300000000000000000000CAEBE63EBBD6B1400000000000000000833E6044A9D65F440177FEFA4031E5783FB62D793FDE1B793F2FA15000140000005B
Длина: 253 байт
  Длина: 253 байт
  Маркер: 5555
  Адрес назначения: 0x01
  Адрес отправителя: 0x12
  Счетчик пакетов: 0xD5
  Длина пакетов: 0xF5
  Функция: 0x06
  Адр: 0x1F 0x00
  Размер: 0x01 0x00
  CRC: 0x00
  Первые 16 байт: 55550112D5F50006001F00010000DB31
  ... и еще 237 байт

Пакет #371 [13:11:19.002]
HEX: 55551201DC0500080000F500F1
Длина: 13 байт
  Длина: 13 байт
  Маркер: 5555
  Адрес назначения: 0x12
  Адрес отправителя: 0x01
  Счетчик пакетов: 0xDC
  Длина пакетов: 0x05
  Функция: 0x08
  Адр: 0x00 0x00
  Размер: 0x00 0xF5
  CRC: 0xF1
  Первые 13 байт: 55551201DC0500080000F500F1

Пакет #372 [13:11:19.178]
HEX: 55550112DCF50006001F00010000DB3101000000000000000000000000000000000000F6749F41000000006E34123F588DA6410000C8420A57B44200000000000000000000000000000000D47FB33F8240F940F8EE47C3F8EE47C317B71942CDD699410000000000000000CDD69941000000000000000036F5373F79A861408253384000000000000000000000000000000000000475220000752200000000000000000000CD0600000000000000000000000000000000000001000000000707030000000000000000000042ECE63E80BDB1400000000000000000833E6044A9D65F440177FEFA4031E5783F372E793FDE1B793F2FA150001400000011
Длина: 253 байт
  Длина: 253 байт
  Маркер: 5555
  Адрес назначения: 0x01
  Адрес отправителя: 0x12
  Счетчик пакетов: 0xDC
  Длина пакетов: 0xF5
  Функция: 0x06
  Адр: 0x1F 0x00
  Размер: 0x01 0x00
  CRC: 0x00
  Первые 16 байт: 55550112DCF50006001F00010000DB31
  ... и еще 237 байт

Пакет #373 [13:11:19.189]
HEX: 55551201E20500080000F500F7
Длина: 13 байт
  Длина: 13 байт
  Маркер: 5555
  Адрес назначения: 0x12
  Адрес отправителя: 0x01
  Счетчик пакетов: 0xE2
  Длина пакетов: 0x05
  Функция: 0x08
  Адр: 0x00 0x00
  Размер: 0x00 0xF5
  CRC: 0xF7
  Первые 13 байт: 55551201E20500080000F500F7

Пакет #374 [13:11:19.365]
HEX: 55550112E2F50006001F00010000DB3101000000000000000000000000000000000000F6749F41000000006E34123F588DA6410000C8420A57B44200000000000000000000000000000000D47FB33F8240F940F8EE47C3F8EE47C317B71942CDD699410000000000000000CDD69941000000000000000036F5373F79A861408253384000000000000000000000000000000000000475220000752200000000000000000000CD0600000000000000000000000000000000000001000000000707030000000000000000000042ECE63E80BDB1400000000000000000833E604470B95F440177FEFA4031E5783F372E793FDE1B793F2FA1500014000000C1
Длина: 253 байт
  Длина: 253 байт
  Маркер: 5555
  Адрес назначения: 0x01
  Адрес отправителя: 0x12
  Счетчик пакетов: 0xE2
  Длина пакетов: 0xF5
  Функция: 0x06
  Адр: 0x1F 0x00
  Размер: 0x01 0x00
  CRC: 0x00
  Первые 16 байт: 55550112E2F50006001F00010000DB31
  ... и еще 237 байт

Пакет #375 [13:11:19.377]
HEX: 55551201E70500080000F500FC
Длина: 13 байт
  Длина: 13 байт
  Маркер: 5555
  Адрес назначения: 0x12
  Адрес отправителя: 0x01
  Счетчик пакетов: 0xE7
  Длина пакетов: 0x05
  Функция: 0x08
  Адр: 0x00 0x00
  Размер: 0x00 0xF5
  CRC: 0xFC
  Первые 13 байт: 55551201E70500080000F500FC

Пакет #376 [13:11:19.568]
HEX: 55550112E7F50006001F00010000DC3101000000000000000000000000000000000000F6749F4100000000CB81123F6535A6410000C8420A57B44200000000000000000000000000000000D47FB33F8240F940F8EE47C3F8EE47C317B71942CDD699410000000000000000CDD69941000000000000000036F5373F79A861408253384000000000000000000000000000000000000474220000742200000000000000000000CC0600000000000000000000000000000000000001000000000707030000000000000000000042ECE63E80BDB1400000000000000000F77B604470B95F4401A121FB4031E5783F372E793FDE1B793F30A150001400000023
Длина: 253 байт
  Длина: 253 байт
  Маркер: 5555
  Адрес назначения: 0x01
  Адрес отправителя: 0x12
  Счетчик пакетов: 0xE7
  Длина пакетов: 0xF5
  Функция: 0x06
  Адр: 0x1F 0x00
  Размер: 0x01 0x00
  CRC: 0x00
  Первые 16 байт: 55550112E7F50006001F00010000DC31
  ... и еще 237 байт

Пакет #377 [13:11:19.569]
HEX: 55551201EE0500080000F50003
Длина: 13 байт
  Длина: 13 байт
  Маркер: 5555
  Адрес назначения: 0x12
  Адрес отправителя: 0x01
  Счетчик пакетов: 0xEE
  Длина пакетов: 0x05
  Функция: 0x08
  Адр: 0x00 0x00
  Размер: 0x00 0xF5
  CRC: 0x03
  Первые 13 байт: 55551201EE0500080000F50003

Пакет #378 [13:11:19.745]
HEX: 55550112EEF50006001F00010000DC3101000000000000000000000000000000000000F6749F4100000000CB81123F6535A6410000C8420A57B44200000000000000000000000000000000D47FB33F8240F940F8EE47C3F8EE47C317B71942CDD699410000000000000000CDD69941000000000000000036F5373FC4A96140D054384000000000000000000000000000000000000474220000742200000000000000000000CC0600000000000000000000000000000000000001000000000707030000000000000000000042ECE63E80BDB1400000000000000000F77B604470B95F4401A121FB4031E5783F372E793FD21B793F30A1500014000000B9
Длина: 253 байт
  Длина: 253 байт
  Маркер: 5555
  Адрес назначения: 0x01
  Адрес отправителя: 0x12
  Счетчик пакетов: 0xEE
  Длина пакетов: 0xF5
  Функция: 0x06
  Адр: 0x1F 0x00
  Размер: 0x01 0x00
  CRC: 0x00
  Первые 16 байт: 55550112EEF50006001F00010000DC31
  ... и еще 237 байт

Пакет #379 [13:11:19.766]
HEX: 55551201F30500080000F50008
Длина: 13 байт
  Длина: 13 байт
  Маркер: 5555
  Адрес назначения: 0x12
  Адрес отправителя: 0x01
  Счетчик пакетов: 0xF3
  Длина пакетов: 0x05
  Функция: 0x08
  Адр: 0x00 0x00
  Размер: 0x00 0xF5
  CRC: 0x08
  Первые 13 байт: 55551201F30500080000F50008

Пакет #380 [13:11:19.943]
HEX: 55550112F3F50006001F00010000DC3101000000000000000000000000000000000000F6749F4100000000CB81123F6535A6410000C8420A57B44200000000000000000000000000000000D47FB33F8240F940F8EE47C3F8EE47C317B71942CDD699410000000000000000CDD69941000000000000000036F5373FC4A96140D054384000000000000000000000000000000000000474220000742200000000000000000000CC0600000000000000000000000000000000000001000000000707030000000000000000000042ECE63E80BDB1400000000000000000F77B604470A85F4401A121FB4031E5783F372E793FD21B793F30A1500014000000AD
Длина: 253 байт
  Длина: 253 байт
  Маркер: 5555
  Адрес назначения: 0x01
  Адрес отправителя: 0x12
  Счетчик пакетов: 0xF3
  Длина пакетов: 0xF5
  Функция: 0x06
  Адр: 0x1F 0x00
  Размер: 0x01 0x00
  CRC: 0x00
  Первые 16 байт: 55550112F3F50006001F00010000DC31
  ... и еще 237 байт

Пакет #381 [13:11:19.959]
HEX: 55551201F80500080000F5000D
Длина: 13 байт
  Длина: 13 байт
  Маркер: 5555
  Адрес назначения: 0x12
  Адрес отправителя: 0x01
  Счетчик пакетов: 0xF8
  Длина пакетов: 0x05
  Функция: 0x08
  Адр: 0x00 0x00
  Размер: 0x00 0xF5
  CRC: 0x0D
  Первые 13 байт: 55551201F80500080000F5000D

Пакет #382 [13:11:20.132]
HEX: 55550112F8F50006001F00010000DC3101000000000000000000000000000000000000F6749F4100000000CB81123F6535A6410000C8420A57B44200000000000000000000000000000000D47FB33F8240F940F8EE47C3F8EE47C317B71942CDD699410000000000000000CDD69941000000000000000036F5373FC4A96140D054384000000000000000000000000000000000000474220000742200000000000000000000CC0600000000000000000000000000000000000001000000000707030000000000000000000042ECE63E80BDB1400000000000000000B498604470A85F4401A121FB4031E5783F372E793FD21B793F30A15000140000008C
Длина: 253 байт
  Длина: 253 байт
  Маркер: 5555
  Адрес назначения: 0x01
  Адрес отправителя: 0x12
  Счетчик пакетов: 0xF8
  Длина пакетов: 0xF5
  Функция: 0x06
  Адр: 0x1F 0x00
  Размер: 0x01 0x00
  CRC: 0x00
  Первые 16 байт: 55550112F8F50006001F00010000DC31
  ... и еще 237 байт

Пакет #383 [13:11:20.148]
HEX: 55551201FE0500080000F50013
Длина: 13 байт
  Длина: 13 байт
  Маркер: 5555
  Адрес назначения: 0x12
  Адрес отправителя: 0x01
  Счетчик пакетов: 0xFE
  Длина пакетов: 0x05
  Функция: 0x08
  Адр: 0x00 0x00
  Размер: 0x00 0xF5
  CRC: 0x13
  Первые 13 байт: 55551201FE0500080000F50013

Пакет #384 [13:11:20.330]
HEX: 55550112FEF50006001F00010000DC3101000000000000000000000000000000000000F6749F4100000000CB81123F6535A6410000C8420A57B44200000000000000000000000000000000D47FB33F8240F940F8EE47C3F8EE47C317B71942CDD699410000000000000000CDD69941000000000000000036F5373FC4A96140D054384000000000000000000000000000000000000474220000742200000000000000000000CC0600000000000000000000000000000000000001000000000707030000000000000000000042ECE63E80BDB1400000000000000000B498604470A85F4401A121FB4031E5783F372E793FD21B793F30A150001400000092
Длина: 253 байт
  Длина: 253 байт
  Маркер: 5555
  Адрес назначения: 0x01
  Адрес отправителя: 0x12
  Счетчик пакетов: 0xFE
  Длина пакетов: 0xF5
  Функция: 0x06
  Адр: 0x1F 0x00
  Размер: 0x01 0x00
  CRC: 0x00
  Первые 16 байт: 55550112FEF50006001F00010000DC31
  ... и еще 237 байт

Пакет #385 [13:11:20.341]
HEX: 55551201060500080000F5001B
Длина: 13 байт
  Длина: 13 байт
  Маркер: 5555
  Адрес назначения: 0x12
  Адрес отправителя: 0x01
  Счетчик пакетов: 0x06
  Длина пакетов: 0x05
  Функция: 0x08
  Адр: 0x00 0x00
  Размер: 0x00 0xF5
  CRC: 0x1B
  Первые 13 байт: 55551201060500080000F5001B

Пакет #386 [13:11:20.514]
HEX: 5555011206F50006001F00010000DD3101000000000000000000000000000000000000F6749F4100000000CB81123F6535A6410000C8420A57B44200000000000000000000000000000000D47FB33F8240F940F8EE47C3F8EE47C317B71942CDD699410000000000000000CDD69941000000000000000036F5373FC4A96140D054384000000000000000000000000000000000000473220000732200000000000000000000CB0600000000000000000000000000000000000001000000000707030000000000000000000042ECE63E80BDB1400000000000000000B498604470A85F440102D6FB4031E5783F372E793FD21B793F31A1500014000000AF
Длина: 253 байт
  Длина: 253 байт
  Маркер: 5555
  Адрес назначения: 0x01
  Адрес отправителя: 0x12
  Счетчик пакетов: 0x06
  Длина пакетов: 0xF5
  Функция: 0x06
  Адр: 0x1F 0x00
  Размер: 0x01 0x00
  CRC: 0x00
  Первые 16 байт: 5555011206F50006001F00010000DD31
  ... и еще 237 байт

Пакет #387 [13:11:20.525]
HEX: 555512010B0500080000F50020
Длина: 13 байт
  Длина: 13 байт
  Маркер: 5555
  Адрес назначения: 0x12
  Адрес отправителя: 0x01
  Счетчик пакетов: 0x0B
  Длина пакетов: 0x05
  Функция: 0x08
  Адр: 0x00 0x00
  Размер: 0x00 0xF5
  CRC: 0x20
  Первые 13 байт: 555512010B0500080000F50020

Пакет #388 [13:11:20.692]
HEX: 555501120BF50006001F00010000DD3101000000000000000000000000000000000000F6749F4100000000CB81123F6535A6410000C8420A57B44200000000000000000000000000000000D47FB33F6001F940F8EE47C3F8EE47C399BC1942CDD699410000000000000000CDD69941000000000000000036F5373FC4A96140D054384000000000000000000000000000000000000473220000732200000000000000000000CB0600000000000000000000000000000000000001000000000707030000000000000000000042ECE63E80BDB14000000000000000001FBB604495A15F440102D6FB40FEE5783F372E793FD21B793F31A150001400000053
Длина: 253 байт
  Длина: 253 байт
  Маркер: 5555
  Адрес назначения: 0x01
  Адрес отправителя: 0x12
  Счетчик пакетов: 0x0B
  Длина пакетов: 0xF5
  Функция: 0x06
  Адр: 0x1F 0x00
  Размер: 0x01 0x00
  CRC: 0x00
  Первые 16 байт: 555501120BF50006001F00010000DD31
  ... и еще 237 байт

Пакет #389 [13:11:20.704]
HEX: 555512010F0500080000F50024
Длина: 13 байт
  Длина: 13 байт
  Маркер: 5555
  Адрес назначения: 0x12
  Адрес отправителя: 0x01
  Счетчик пакетов: 0x0F
  Длина пакетов: 0x05
  Функция: 0x08
  Адр: 0x00 0x00
  Размер: 0x00 0xF5
  CRC: 0x24
  Первые 13 байт: 555512010F0500080000F50024

Пакет #390 [13:11:20.882]
HEX: 555501120FF50006001F00010000DD3101000000000000000000000000000000000000F6749F4100000000CB81123F6535A6410000C8420A57B44200000000000000000000000000000000D47FB33F6001F940F8EE47C3F8EE47C399BC1942CDD699410000000000000000CDD69941000000000000000036F5373FC4A96140D054384000000000000000000000000000000000000473220000732200000000000000000000CB0600000000000000000000000000000000000001000000000707030000000000000000000042ECE63E80BDB14000000000000000001FBB604495A15F440102D6FB40FEE5783F372E793FD21B793F31A150001400000057
Длина: 253 байт
  Длина: 253 байт
  Маркер: 5555
  Адрес назначения: 0x01
  Адрес отправителя: 0x12
  Счетчик пакетов: 0x0F
  Длина пакетов: 0xF5
  Функция: 0x06
  Адр: 0x1F 0x00
  Размер: 0x01 0x00
  CRC: 0x00
  Первые 16 байт: 555501120FF50006001F00010000DD31
  ... и еще 237 байт

Пакет #391 [13:11:20.904]
HEX: 55551201160500080000F5002B
Длина: 13 байт
  Длина: 13 байт
  Маркер: 5555
  Адрес назначения: 0x12
  Адрес отправителя: 0x01
  Счетчик пакетов: 0x16
  Длина пакетов: 0x05
  Функция: 0x08
  Адр: 0x00 0x00
  Размер: 0x00 0xF5
  CRC: 0x2B
  Первые 13 байт: 55551201160500080000F5002B

Пакет #392 [13:11:21.075]
HEX: 5555011216F50006001F00010000DD3101000000000000000000000000000000000000F6749F4100000000CB81123F6535A6410000C8420A57B44200000000000000000000000000000000D47FB33F6001F940F8EE47C3F8EE47C399BC1942CDD699410000000000000000CDD69941000000000000000036F5373FC4A96140D054384000000000000000000000000000000000000473220000732200000000000000000000CB0600000000000000000000000000000000000001000000000707030000000000000000000042ECE63E80BDB14000000000000000001FBB604495A15F440102D6FB40FEE5783F372E793FD21B793F31A15000140000005E
Длина: 253 байт
  Длина: 253 байт
  Маркер: 5555
  Адрес назначения: 0x01
  Адрес отправителя: 0x12
  Счетчик пакетов: 0x16
  Длина пакетов: 0xF5
  Функция: 0x06
  Адр: 0x1F 0x00
  Размер: 0x01 0x00
  CRC: 0x00
  Первые 16 байт: 5555011216F50006001F00010000DD31
  ... и еще 237 байт

Пакет #393 [13:11:21.087]
HEX: 555512011B0500080000F50030
Длина: 13 байт
  Длина: 13 байт
  Маркер: 5555
  Адрес назначения: 0x12
  Адрес отправителя: 0x01
  Счетчик пакетов: 0x1B
  Длина пакетов: 0x05
  Функция: 0x08
  Адр: 0x00 0x00
  Размер: 0x00 0xF5
  CRC: 0x30
  Первые 13 байт: 555512011B0500080000F50030

Пакет #394 [13:11:21.267]
HEX: 555501121BF50006001F00010000DD3101000000000000000000000000000000000000F6749F4100000000CB81123F6535A6410000C8420A57B44200000000000000000000000000000000D47FB33F6001F940F8EE47C3F8EE47C399BC1942CDD699410000000000000000CDD69941000000000000000036F5373F9BAA61402954384000000000000000000000000000000000000473220000732200000000000000000000CB0600000000000000000000000000000000000001000000000707030000000000000000000042ECE63E80BDB14000000000000000008CA6604495A15F440102D6FB40FEE5783F372E793FBF1C793F31A1500014000000DA
Длина: 253 байт
  Длина: 253 байт
  Маркер: 5555
  Адрес назначения: 0x01
  Адрес отправителя: 0x12
  Счетчик пакетов: 0x1B
  Длина пакетов: 0xF5
  Функция: 0x06
  Адр: 0x1F 0x00
  Размер: 0x01 0x00
  CRC: 0x00
  Первые 16 байт: 555501121BF50006001F00010000DD31
  ... и еще 237 байт

Пакет #395 [13:11:21.291]
HEX: 55551201220500080000F50037
Длина: 13 байт
  Длина: 13 байт
  Маркер: 5555
  Адрес назначения: 0x12
  Адрес отправителя: 0x01
  Счетчик пакетов: 0x22
  Длина пакетов: 0x05
  Функция: 0x08
  Адр: 0x00 0x00
  Размер: 0x00 0xF5
  CRC: 0x37
  Первые 13 байт: 55551201220500080000F50037

Пакет #396 [13:11:21.463]
HEX: 5555011222F50006001F00010000DE3101000000000000000000000000000000000000F6749F4100000000CB81123F6535A6410000C8420A57B44200000000000000000000000000000000D47FB33F6001F940F8EE47C3F8EE47C399BC1942CDD699410000000000000000CDD69941000000000000000036F5373F9BAA61402954384000000000000000000000000000000000000472220000722200000000000000000000CA0600000000000000000000000000000000000001000000000707030000000000000000000042ECE63E80BDB14000000000000000008CA66044D3C45F4401DED3FB40FEE5783F372E793FBF1C793F32A15000140000001A
Длина: 253 байт
  Длина: 253 байт
  Маркер: 5555
  Адрес назначения: 0x01
  Адрес отправителя: 0x12
  Счетчик пакетов: 0x22
  Длина пакетов: 0xF5
  Функция: 0x06
  Адр: 0x1F 0x00
  Размер: 0x01 0x00
  CRC: 0x00
  Первые 16 байт: 5555011222F50006001F00010000DE31
  ... и еще 237 байт

Пакет #397 [13:11:21.475]
HEX: 55551201280500080000F5003D
Длина: 13 байт
  Длина: 13 байт
  Маркер: 5555
  Адрес назначения: 0x12
  Адрес отправителя: 0x01
  Счетчик пакетов: 0x28
  Длина пакетов: 0x05
  Функция: 0x08
  Адр: 0x00 0x00
  Размер: 0x00 0xF5
  CRC: 0x3D
  Первые 13 байт: 55551201280500080000F5003D

Пакет #398 [13:11:21.652]
HEX: 5555011228F50006001F00010000DE31010000000000000000000000000000000000003E759F4100000000CB81123F6535A6410000C8420A57B442000000000000000000000000000000000EAEB33F6001F940F8EE47C3F8EE47C399BC194204D79941000000000000000004D79941000000000000000066F5373F9BAA61402954384000000000000000000000000000000000000472220000722200000000000000000000CA060000000000000000000000000000000000000100000000070703000000000000000000007EECE63ECD62B14000000000000000008CA66044D3C45F4401DED3FB40FEE5783F782E793FBF1C793F32A1500014000000E1
Длина: 253 байт
  Длина: 253 байт
  Маркер: 5555
  Адрес назначения: 0x01
  Адрес отправителя: 0x12
  Счетчик пакетов: 0x28
  Длина пакетов: 0xF5
  Функция: 0x06
  Адр: 0x1F 0x00
  Размер: 0x01 0x00
  CRC: 0x00
  Первые 16 байт: 5555011228F50006001F00010000DE31
  ... и еще 237 байт

Пакет #399 [13:11:21.664]
HEX: 555512012E0500080000F50043
Длина: 13 байт
  Длина: 13 байт
  Маркер: 5555
  Адрес назначения: 0x12
  Адрес отправителя: 0x01
  Счетчик пакетов: 0x2E
  Длина пакетов: 0x05
  Функция: 0x08
  Адр: 0x00 0x00
  Размер: 0x00 0xF5
  CRC: 0x43
  Первые 13 байт: 555512012E0500080000F50043

Пакет #400 [13:11:21.849]
HEX: 555501122EF50006001F00010000DE31010000000000000000000000000000000000003E759F4100000000CB81123F6535A6410000C8420A57B442000000000000000000000000000000000EAEB33F6001F940F8EE47C3F8EE47C399BC194204D79941000000000000000004D79941000000000000000066F5373F9BAA61402954384000000000000000000000000000000000000472220000722200000000000000000000CA060000000000000000000000000000000000000100000000070703000000000000000000007EECE63ECD62B1400000000000000000C76D6044D3C45F4401DED3FB40FEE5783F782E793FBF1C793F32A1500014000000E9
Длина: 253 байт
  Длина: 253 байт
  Маркер: 5555
  Адрес назначения: 0x01
  Адрес отправителя: 0x12
  Счетчик пакетов: 0x2E
  Длина пакетов: 0xF5
  Функция: 0x06
  Адр: 0x1F 0x00
  Размер: 0x01 0x00
  CRC: 0x00
  Первые 16 байт: 555501122EF50006001F00010000DE31
  ... и еще 237 байт

Пакет #401 [13:11:21.861]
HEX: 55551201320500080000F50047
Длина: 13 байт
  Длина: 13 байт
  Маркер: 5555
  Адрес назначения: 0x12
  Адрес отправителя: 0x01
  Счетчик пакетов: 0x32
  Длина пакетов: 0x05
  Функция: 0x08
  Адр: 0x00 0x00
  Размер: 0x00 0xF5
  CRC: 0x47
  Первые 13 байт: 55551201320500080000F50047

Пакет #402 [13:11:22.031]
HEX: 5555011232F50006001F00010000DE31010000000000000000000000000000000000003E759F4100000000CB81123F6535A6410000C8420A57B442000000000000000000000000000000000EAEB33F6001F940F8EE47C3F8EE47C399BC194204D79941000000000000000004D79941000000000000000066F5373F9BAA61402954384000000000000000000000000000000000000472220000722200000000000000000000CA060000000000000000000000000000000000000100000000070703000000000000000000007EECE63ECD62B1400000000000000000C76D6044CECE5F4401DED3FB40FEE5783F782E793FBF1C793F32A1500014000000F2
Длина: 253 байт
  Длина: 253 байт
  Маркер: 5555
  Адрес назначения: 0x01
  Адрес отправителя: 0x12
  Счетчик пакетов: 0x32
  Длина пакетов: 0xF5
  Функция: 0x06
  Адр: 0x1F 0x00
  Размер: 0x01 0x00
  CRC: 0x00
  Первые 16 байт: 5555011232F50006001F00010000DE31
  ... и еще 237 байт

Пакет #403 [13:11:22.053]
HEX: 55551201380500080000F5004D
Длина: 13 байт
  Длина: 13 байт
  Маркер: 5555
  Адрес назначения: 0x12
  Адрес отправителя: 0x01
  Счетчик пакетов: 0x38
  Длина пакетов: 0x05
  Функция: 0x08
  Адр: 0x00 0x00
  Размер: 0x00 0xF5
  CRC: 0x4D
  Первые 13 байт: 55551201380500080000F5004D

Пакет #404 [13:11:22.214]
HEX: 5555011238F50006001F00010000DE31010000000000000000000000000000000000003E759F4100000000CB81123F6535A6410000C8420A57B442000000000000000000000000000000000EAEB33F6001F940F8EE47C3F8EE47C399BC194204D79941000000000000000004D79941000000000000000066F5373F9BAA61402954384000000000000000000000000000000000000472220000722200000000000000000000CA060000000000000000000000000000000000000100000000070703000000000000000000007EECE63ECD62B1400000000000000000C76D6044CECE5F4401DED3FB40FEE5783F782E793FBF1C793F32A1500014000000F8
Длина: 253 байт
  Длина: 253 байт
  Маркер: 5555
  Адрес назначения: 0x01
  Адрес отправителя: 0x12
  Счетчик пакетов: 0x38
  Длина пакетов: 0xF5
  Функция: 0x06
  Адр: 0x1F 0x00
  Размер: 0x01 0x00
  CRC: 0x00
  Первые 16 байт: 5555011238F50006001F00010000DE31
  ... и еще 237 байт

Пакет #405 [13:11:22.236]
HEX: 555512013F0500080000F50054
Длина: 13 байт
  Длина: 13 байт
  Маркер: 5555
  Адрес назначения: 0x12
  Адрес отправителя: 0x01
  Счетчик пакетов: 0x3F
  Длина пакетов: 0x05
  Функция: 0x08
  Адр: 0x00 0x00
  Размер: 0x00 0xF5
  CRC: 0x54
  Первые 13 байт: 555512013F0500080000F50054

Пакет #406 [13:11:22.405]
HEX: 555501123FF50006001F00010000DF31010000000000000000000000000000000000003E759F4100000000AF7C123F323BA6410000C8420A57B442000000000000000000000000000000000EAEB33F6001F940F8EE47C3F8EE47C399BC194204D79941000000000000000004D79941000000000000000066F5373F9BAA61402954384000000000000000000000000000000000000471220000712200000000000000000000C9060000000000000000000000000000000000000100000000070703000000000000000000007EECE63ECD62B1400000000000000000D05C6044CECE5F44017473FB40FEE5783F782E793FBF1C793F33A1500014000000DE
Длина: 253 байт
  Длина: 253 байт
  Маркер: 5555
  Адрес назначения: 0x01
  Адрес отправителя: 0x12
  Счетчик пакетов: 0x3F
  Длина пакетов: 0xF5
  Функция: 0x06
  Адр: 0x1F 0x00
  Размер: 0x01 0x00
  CRC: 0x00
  Первые 16 байт: 555501123FF50006001F00010000DF31
  ... и еще 237 байт

Пакет #407 [13:11:22.423]
HEX: 55551201450500080000F5005A
Длина: 13 байт
  Длина: 13 байт
  Маркер: 5555
  Адрес назначения: 0x12
  Адрес отправителя: 0x01
  Счетчик пакетов: 0x45
  Длина пакетов: 0x05
  Функция: 0x08
  Адр: 0x00 0x00
  Размер: 0x00 0xF5
  CRC: 0x5A
  Первые 13 байт: 55551201450500080000F5005A

Пакет #408 [13:11:22.593]
HEX: 5555011245F50006001F00010000DF31010000000000000000000000000000000000003E759F4100000000AF7C123F323BA6410000C8420A57B442000000000000000000000000000000000EAEB33F6001F940F8EE47C3F8EE47C399BC194204D79941000000000000000004D79941000000000000000066F5373F9BAA61402954384000000000000000000000000000000000000471220000712200000000000000000000C9060000000000000000000000000000000000000100000000070703000000000000000000007EECE63ECD62B1400000000000000000D05C6044CECE5F44017473FB40FEE5783F782E793FBF1C793F33A1500014000000E4
Длина: 253 байт
  Длина: 253 байт
  Маркер: 5555
  Адрес назначения: 0x01
  Адрес отправителя: 0x12
  Счетчик пакетов: 0x45
  Длина пакетов: 0xF5
  Функция: 0x06
  Адр: 0x1F 0x00
  Размер: 0x01 0x00
  CRC: 0x00
  Первые 16 байт: 5555011245F50006001F00010000DF31
  ... и еще 237 байт

Пакет #409 [13:11:22.609]
HEX: 555512014A0500080000F5005F
Длина: 13 байт
  Длина: 13 байт
  Маркер: 5555
  Адрес назначения: 0x12
  Адрес отправителя: 0x01
  Счетчик пакетов: 0x4A
  Длина пакетов: 0x05
  Функция: 0x08
  Адр: 0x00 0x00
  Размер: 0x00 0xF5
  CRC: 0x5F
  Первые 13 байт: 555512014A0500080000F5005F

Пакет #410 [13:11:22.785]
HEX: 555501124AF50006001F00010000DF31010000000000000000000000000000000000003E759F4100000000AF7C123F323BA6410000C8420A57B442000000000000000000000000000000000EAEB33F6001F940F8EE47C3F8EE47C399BC194204D79941000000000000000004D79941000000000000000066F5373F2BAA6140CD53384000000000000000000000000000000000000471220000712200000000000000000000C9060000000000000000000000000000000000000100000000070703000000000000000000007EECE63ECD62B1400000000000000000D05C604430DA5F44017473FB40FEE5783F782E793F431C793F33A15000140000000E
Длина: 253 байт
  Длина: 253 байт
  Маркер: 5555
  Адрес назначения: 0x01
  Адрес отправителя: 0x12
  Счетчик пакетов: 0x4A
  Длина пакетов: 0xF5
  Функция: 0x06
  Адр: 0x1F 0x00
  Размер: 0x01 0x00
  CRC: 0x00
  Первые 16 байт: 555501124AF50006001F00010000DF31
  ... и еще 237 байт

Пакет #411 [13:11:22.807]
HEX: 55551201500500080000F50065
Длина: 13 байт
  Длина: 13 байт
  Маркер: 5555
  Адрес назначения: 0x12
  Адрес отправителя: 0x01
  Счетчик пакетов: 0x50
  Длина пакетов: 0x05
  Функция: 0x08
  Адр: 0x00 0x00
  Размер: 0x00 0xF5
  CRC: 0x65
  Первые 13 байт: 55551201500500080000F50065

Пакет #412 [13:11:22.974]
HEX: 5555011250F50006001F00010000DF31010000000000000000000000000000000000003E759F4100000000AF7C123F323BA6410000C8420A57B442000000000000000000000000000000000EAEB33F6001F940F8EE47C3F8EE47C399BC194204D79941000000000000000004D79941000000000000000066F5373F2BAA6140CD53384000000000000000000000000000000000000471220000712200000000000000000000C9060000000000000000000000000000000000000100000000070703000000000000000000007EECE63ECD62B1400000000000000000B74F604430DA5F44017473FB40FEE5783F782E793F431C793F33A1500014000000EE
Длина: 253 байт
  Длина: 253 байт
  Маркер: 5555
  Адрес назначения: 0x01
  Адрес отправителя: 0x12
  Счетчик пакетов: 0x50
  Длина пакетов: 0xF5
  Функция: 0x06
  Адр: 0x1F 0x00
  Размер: 0x01 0x00
  CRC: 0x00
  Первые 16 байт: 5555011250F50006001F00010000DF31
  ... и еще 237 байт

Пакет #413 [13:11:22.986]
HEX: 55551201550500080000F5006A
Длина: 13 байт
  Длина: 13 байт
  Маркер: 5555
  Адрес назначения: 0x12
  Адрес отправителя: 0x01
  Счетчик пакетов: 0x55
  Длина пакетов: 0x05
  Функция: 0x08
  Адр: 0x00 0x00
  Размер: 0x00 0xF5
  CRC: 0x6A
  Первые 13 байт: 55551201550500080000F5006A

Пакет #414 [13:11:23.156]
HEX: 5555011255F50006001F00010000DF31010000000000000000000000000000000000003E759F4100000000AF7C123F323BA6410000C8420A57B442000000000000000000000000000000000EAEB33F6001F940F8EE47C3F8EE47C399BC194204D79941000000000000000004D79941000000000000000066F5373F2BAA6140CD53384000000000000000000000000000000000000471220000712200000000000000000000C9060000000000000000000000000000000000000100000000070703000000000000000000007EECE63ECD62B1400000000000000000B74F604430DA5F44017473FB40FEE5783F782E793F431C793F33A1500014000000F3
Длина: 253 байт
  Длина: 253 байт
  Маркер: 5555
  Адрес назначения: 0x01
  Адрес отправителя: 0x12
  Счетчик пакетов: 0x55
  Длина пакетов: 0xF5
  Функция: 0x06
  Адр: 0x1F 0x00
  Размер: 0x01 0x00
  CRC: 0x00
  Первые 16 байт: 5555011255F50006001F00010000DF31
  ... и еще 237 байт

Пакет #415 [13:11:23.173]
HEX: 555512015B0500080000F50070
Длина: 13 байт
  Длина: 13 байт
  Маркер: 5555
  Адрес назначения: 0x12
  Адрес отправителя: 0x01
  Счетчик пакетов: 0x5B
  Длина пакетов: 0x05
  Функция: 0x08
  Адр: 0x00 0x00
  Размер: 0x00 0xF5
  CRC: 0x70
  Первые 13 байт: 555512015B0500080000F50070

Пакет #416 [13:11:23.349]
HEX: 555501125BF50006001F00010000DF31010000000000000000000000000000000000003E759F4100000000AF7C123F323BA6410000C8420A57B442000000000000000000000000000000000EAEB33FFD7FF940F8EE47C3F8EE47C3D5B7194204D79941000000000000000004D79941000000000000000066F5373F2BAA6140CD53384000000000000000000000000000000000000471220000712200000000000000000000C9060000000000000000000000000000000000000100000000070703000000000000000000007EECE63ECD62B1400000000000000000B74F60443E1D6044017473FB4065E6783F782E793F431C793F33A150001400000005
Длина: 253 байт
  Длина: 253 байт
  Маркер: 5555
  Адрес назначения: 0x01
  Адрес отправителя: 0x12
  Счетчик пакетов: 0x5B
  Длина пакетов: 0xF5
  Функция: 0x06
  Адр: 0x1F 0x00
  Размер: 0x01 0x00
  CRC: 0x00
  Первые 16 байт: 555501125BF50006001F00010000DF31
  ... и еще 237 байт

Пакет #417 [13:11:23.361]
HEX: 55551201630500080000F50078
Длина: 13 байт
  Длина: 13 байт
  Маркер: 5555
  Адрес назначения: 0x12
  Адрес отправителя: 0x01
  Счетчик пакетов: 0x63
  Длина пакетов: 0x05
  Функция: 0x08
  Адр: 0x00 0x00
  Размер: 0x00 0xF5
  CRC: 0x78
  Первые 13 байт: 55551201630500080000F50078

Пакет #418 [13:11:23.541]
HEX: 5555011263F50006001F00010000E031010000000000000000000000000000000000003E759F4100000000AF7C123F323BA6410000C8420A57B442000000000000000000000000000000000EAEB33FFD7FF940F8EE47C3F8EE47C3D5B7194204D79941000000000000000004D79941000000000000000066F5373F2BAA6140CD53384000000000000000000000000000000000000470220000702200000000000000000000C8060000000000000000000000000000000000000100000000070703000000000000000000007EECE63ECD62B1400000000000000000B74F60443E1D604401FBE7FA4065E6783F782E793F431C793F34A150001400000006
Длина: 253 байт
  Длина: 253 байт
  Маркер: 5555
  Адрес назначения: 0x01
  Адрес отправителя: 0x12
  Счетчик пакетов: 0x63
  Длина пакетов: 0xF5
  Функция: 0x06
  Адр: 0x1F 0x00
  Размер: 0x01 0x00
  CRC: 0x00
  Первые 16 байт: 5555011263F50006001F00010000E031
  ... и еще 237 байт

Пакет #419 [13:11:23.553]
HEX: 55551201680500080000F5007D
Длина: 13 байт
  Длина: 13 байт
  Маркер: 5555
  Адрес назначения: 0x12
  Адрес отправителя: 0x01
  Счетчик пакетов: 0x68
  Длина пакетов: 0x05
  Функция: 0x08
  Адр: 0x00 0x00
  Размер: 0x00 0xF5
  CRC: 0x7D
  Первые 13 байт: 55551201680500080000F5007D

Пакет #420 [13:11:23.723]
HEX: 5555011268F50006001F00010000E031010000000000000000000000000000000000003E759F4100000000AF7C123F323BA6410000C8420A57B442000000000000000000000000000000000EAEB33FFD7FF940F8EE47C3F8EE47C3D5B7194204D79941000000000000000004D79941000000000000000066F5373F2BAA6140CD53384000000000000000000000000000000000000470220000702200000000000000000000C8060000000000000000000000000000000000000100000000070703000000000000000000007EECE63ECD62B1400000000000000000BE9260443E1D604401FBE7FA4065E6783F782E793F431C793F34A1500014000000
Длина: 252 байт
  Длина: 252 байт
  Маркер: 5555
  Адрес назначения: 0x01
  Адрес отправителя: 0x12
  Счетчик пакетов: 0x68
  Длина пакетов: 0xF5
  Функция: 0x06
  Адр: 0x1F 0x00
  Размер: 0x01 0x00
  CRC: 0x00
  Первые 16 байт: 5555011268F50006001F00010000E031
  ... и еще 236 байт

Пакет #421 [13:11:23.734]
HEX: 55555512016C0500080000F50081
Длина: 14 байт
  Длина: 14 байт
  Маркер: 5555
  Адрес назначения: 0x55
  Адрес отправителя: 0x12
  Счетчик пакетов: 0x01
  Длина пакетов: 0x6C
  Функция: 0x00
  Адр: 0x00 0x08
  Размер: 0xF5 0x00
  CRC: 0x00
  Первые 14 байт: 55555512016C0500080000F50081

Пакет #422 [13:11:23.911]
HEX: 555501126CF50006001F00010000E031010000000000000000000000000000000000003E759F4100000000AF7C123F323BA6410000C8420A57B442000000000000000000000000000000000EAEB33FFD7FF940F8EE47C3F8EE47C3D5B7194204D79941000000000000000004D79941000000000000000066F5373F2BAA6140CD53384000000000000000000000000000000000000470220000702200000000000000000000C8060000000000000000000000000000000000000100000000070703000000000000000000007EECE63ECD62B1400000000000000000BE9260443E1D604401FBE7FA4065E6783F782E793F431C793F34A150001400000059
Длина: 253 байт
  Длина: 253 байт
  Маркер: 5555
  Адрес назначения: 0x01
  Адрес отправителя: 0x12
  Счетчик пакетов: 0x6C
  Длина пакетов: 0xF5
  Функция: 0x06
  Адр: 0x1F 0x00
  Размер: 0x01 0x00
  CRC: 0x00
  Первые 16 байт: 555501126CF50006001F00010000E031
  ... и еще 237 байт

Пакет #423 [13:11:23.923]
HEX: 55551201720500080000F50087
Длина: 13 байт
  Длина: 13 байт
  Маркер: 5555
  Адрес назначения: 0x12
  Адрес отправителя: 0x01
  Счетчик пакетов: 0x72
  Длина пакетов: 0x05
  Функция: 0x08
  Адр: 0x00 0x00
  Размер: 0x00 0xF5
  CRC: 0x87
  Первые 13 байт: 55551201720500080000F50087

Пакет #424 [13:11:24.096]
HEX: 5555011272F50006001F00010000E0310100000000000000000000000000000000000061759F4100000000AF7C123F323BA6410000C8420A57B4420000000000000000000000000000000012ADB33FFD7FF940F8EE47C3F8EE47C3D5B719421ED7994100000000000000001ED7994100000000000000007DF5373F2BAA6140CD53384000000000000000000000000000000000000470220000702200000000000000000000C8060000000000000000000000000000000000000100000000070703000000000000000000009CECE63EF8BDB1400000000000000000BE926044F9D25F4401FBE7FA4065E6783F982E793F431C793F34A150001400000003
Длина: 253 байт
  Длина: 253 байт
  Маркер: 5555
  Адрес назначения: 0x01
  Адрес отправителя: 0x12
  Счетчик пакетов: 0x72
  Длина пакетов: 0xF5
  Функция: 0x06
  Адр: 0x1F 0x00
  Размер: 0x01 0x00
  CRC: 0x00
  Первые 16 байт: 5555011272F50006001F00010000E031
  ... и еще 237 байт

Пакет #425 [13:11:24.118]
HEX: 55551201780500080000F5008D
Длина: 13 байт
  Длина: 13 байт
  Маркер: 5555
  Адрес назначения: 0x12
  Адрес отправителя: 0x01
  Счетчик пакетов: 0x78
  Длина пакетов: 0x05
  Функция: 0x08
  Адр: 0x00 0x00
  Размер: 0x00 0xF5
  CRC: 0x8D
  Первые 13 байт: 55551201780500080000F5008D

Пакет #426 [13:11:24.290]
HEX: 5555011278F50006001F00010000E0310100000000000000000000000000000000000061759F4100000000AF7C123F323BA6410000C8420A57B4420000000000000000000000000000000012ADB33FFD7FF940F8EE47C3F8EE47C3D5B719421ED7994100000000000000001ED7994100000000000000007DF5373F49AB6140F654384000000000000000000000000000000000000470220000702200000000000000000000C8060000000000000000000000000000000000000100000000070703000000000000000000009CECE63EF8BDB140000000000000000090766044F9D25F4401FBE7FA4065E6783F982E793F051C793F34A1500014000000CA
Длина: 253 байт
  Длина: 253 байт
  Маркер: 5555
  Адрес назначения: 0x01
  Адрес отправителя: 0x12
  Счетчик пакетов: 0x78
  Длина пакетов: 0xF5
  Функция: 0x06
  Адр: 0x1F 0x00
  Размер: 0x01 0x00
  CRC: 0x00
  Первые 16 байт: 5555011278F50006001F00010000E031
  ... и еще 237 байт

Пакет #427 [13:11:24.311]
HEX: 555512017F0500080000F50094
Длина: 13 байт
  Длина: 13 байт
  Маркер: 5555
  Адрес назначения: 0x12
  Адрес отправителя: 0x01
  Счетчик пакетов: 0x7F
  Длина пакетов: 0x05
  Функция: 0x08
  Адр: 0x00 0x00
  Размер: 0x00 0xF5
  CRC: 0x94
  Первые 13 байт: 555512017F0500080000F50094

Пакет #428 [13:11:24.482]
HEX: 555501127FF50006001F00010000E1310100000000000000000000000000000000000061759F4100000000337A123F033EA6410000C8420A57B4420000000000000000000000000000000012ADB33FFD7FF940F8EE47C3F8EE47C3D5B719421ED7994100000000000000001ED7994100000000000000007DF5373F49AB6140F65438400000000000000000000000000000000000046F2200006F2200000000000000000000C7060000000000000000000000000000000000000100000000070703000000000000000000009CECE63EF8BDB140000000000000000090766044F9D25F4401010EFC4065E6783F982E793F051C793F35A1500014000000
Длина: 252 байт
  Длина: 252 байт
  Маркер: 5555
  Адрес назначения: 0x01
  Адрес отправителя: 0x12
  Счетчик пакетов: 0x7F
  Длина пакетов: 0xF5
  Функция: 0x06
  Адр: 0x1F 0x00
  Размер: 0x01 0x00
  CRC: 0x00
  Первые 16 байт: 555501127FF50006001F00010000E131
  ... и еще 236 байт

Пакет #429 [13:11:24.498]
HEX: 5555551201840500080000F50099
Длина: 14 байт
  Длина: 14 байт
  Маркер: 5555
  Адрес назначения: 0x55
  Адрес отправителя: 0x12
  Счетчик пакетов: 0x01
  Длина пакетов: 0x84
  Функция: 0x00
  Адр: 0x00 0x08
  Размер: 0xF5 0x00
  CRC: 0x00
  Первые 14 байт: 5555551201840500080000F50099

Пакет #430 [13:11:24.685]
HEX: 5555011284F50006001F00010000E1310100000000000000000000000000000000000061759F4100000000337A123F033EA6410000C8420A57B4420000000000000000000000000000000012ADB33FFD7FF940F8EE47C3F8EE47C3D5B719421ED7994100000000000000001ED7994100000000000000007DF5373F49AB6140F65438400000000000000000000000000000000000046F2200006F2200000000000000000000C7060000000000000000000000000000000000000100000000070703000000000000000000009CECE63EF8BDB140000000000000000090766044F9D25F4401010EFC4065E6783F982E793F051C793F35A15000140000005A
Длина: 253 байт
  Длина: 253 байт
  Маркер: 5555
  Адрес назначения: 0x01
  Адрес отправителя: 0x12
  Счетчик пакетов: 0x84
  Длина пакетов: 0xF5
  Функция: 0x06
  Адр: 0x1F 0x00
  Размер: 0x01 0x00
  CRC: 0x00
  Первые 16 байт: 5555011284F50006001F00010000E131
  ... и еще 237 байт

Пакет #431 [13:11:24.697]
HEX: 555512018A0500080000F5009F
Длина: 13 байт
  Длина: 13 байт
  Маркер: 5555
  Адрес назначения: 0x12
  Адрес отправителя: 0x01
  Счетчик пакетов: 0x8A
  Длина пакетов: 0x05
  Функция: 0x08
  Адр: 0x00 0x00
  Размер: 0x00 0xF5
  CRC: 0x9F
  Первые 13 байт: 555512018A0500080000F5009F

Пакет #432 [13:11:24.874]
HEX: 555501128AF50006001F00010000E1310100000000000000000000000000000000000061759F4100000000337A123F033EA6410000C8420A57B4420000000000000000000000000000000012ADB33FFD7FF940F8EE47C3F8EE47C3D5B719421ED7994100000000000000001ED7994100000000000000007DF5373F49AB6140F65438400000000000000000000000000000000000046F2200006F2200000000000000000000C7060000000000000000000000000000000000000100000000070703000000000000000000009CECE63EF8BDB1400000000000000000BB7D6044CEEF5F4401010EFC4065E6783F982E793F051C793F35A150001400000084
Длина: 253 байт
  Длина: 253 байт
  Маркер: 5555
  Адрес назначения: 0x01
  Адрес отправителя: 0x12
  Счетчик пакетов: 0x8A
  Длина пакетов: 0xF5
  Функция: 0x06
  Адр: 0x1F 0x00
  Размер: 0x01 0x00
  CRC: 0x00
  Первые 16 байт: 555501128AF50006001F00010000E131
  ... и еще 237 байт

Пакет #433 [13:11:24.885]
HEX: 55551201900500080000F500A5
Длина: 13 байт
  Длина: 13 байт
  Маркер: 5555
  Адрес назначения: 0x12
  Адрес отправителя: 0x01
  Счетчик пакетов: 0x90
  Длина пакетов: 0x05
  Функция: 0x08
  Адр: 0x00 0x00
  Размер: 0x00 0xF5
  CRC: 0xA5
  Первые 13 байт: 55551201900500080000F500A5

Пакет #434 [13:11:25.056]
HEX: 5555011290F50006001F00010000E1310100000000000000000000000000000000000061759F4100000000337A123F033EA6410000C8420A57B4420000000000000000000000000000000012ADB33FFD7FF940F8EE47C3F8EE47C3D5B719421ED7994100000000000000001ED7994100000000000000007DF5373F49AB6140F65438400000000000000000000000000000000000046F2200006F2200000000000000000000C7060000000000000000000000000000000000000100000000070703000000000000000000009CECE63EF8BDB1400000000000000000BB7D6044CEEF5F4401010EFC4065E6783F982E793F051C793F35A15000140000008A
Длина: 253 байт
  Длина: 253 байт
  Маркер: 5555
  Адрес назначения: 0x01
  Адрес отправителя: 0x12
  Счетчик пакетов: 0x90
  Длина пакетов: 0xF5
  Функция: 0x06
  Адр: 0x1F 0x00
  Размер: 0x01 0x00
  CRC: 0x00
  Первые 16 байт: 5555011290F50006001F00010000E131
  ... и еще 237 байт

Пакет #435 [13:11:25.084]
HEX: 55551201940500080000F500A9
Длина: 13 байт
  Длина: 13 байт
  Маркер: 5555
  Адрес назначения: 0x12
  Адрес отправителя: 0x01
  Счетчик пакетов: 0x94
  Длина пакетов: 0x05
  Функция: 0x08
  Адр: 0x00 0x00
  Размер: 0x00 0xF5
  CRC: 0xA9
  Первые 13 байт: 55551201940500080000F500A9

Пакет #436 [13:11:25.253]
HEX: 5555011294F50006001F00010000E1310100000000000000000000000000000000000061759F4100000000337A123F033EA6410000C8420A57B4420000000000000000000000000000000012ADB33FFD7FF940F8EE47C3F8EE47C3D5B719421ED7994100000000000000001ED7994100000000000000007DF5373F49AB6140F65438400000000000000000000000000000000000046F2200006F2200000000000000000000C7060000000000000000000000000000000000000100000000070703000000000000000000009CECE63EF8BDB1400000000000000000BB7D6044CEEF5F4401010EFC4065E6783F982E793F051C793F35A15000140000008E
Длина: 253 байт
  Длина: 253 байт
  Маркер: 5555
  Адрес назначения: 0x01
  Адрес отправителя: 0x12
  Счетчик пакетов: 0x94
  Длина пакетов: 0xF5
  Функция: 0x06
  Адр: 0x1F 0x00
  Размер: 0x01 0x00
  CRC: 0x00
  Первые 16 байт: 5555011294F50006001F00010000E131
  ... и еще 237 байт

Пакет #437 [13:11:25.274]
HEX: 555512019D0500080000F500B2
Длина: 13 байт
  Длина: 13 байт
  Маркер: 5555
  Адрес назначения: 0x12
  Адрес отправителя: 0x01
  Счетчик пакетов: 0x9D
  Длина пакетов: 0x05
  Функция: 0x08
  Адр: 0x00 0x00
  Размер: 0x00 0xF5
  CRC: 0xB2
  Первые 13 байт: 555512019D0500080000F500B2

Пакет #438 [13:11:25.444]
HEX: 555501129DF50006001F00010000E2310100000000000000000000000000000000000061759F4100000000337A123F033EA6410000C8420A57B4420000000000000000000000000000000012ADB33FFD7FF940F8EE47C3F8EE47C3D5B719421ED7994100000000000000001ED7994100000000000000007DF5373F49AB6140F65438400000000000000000000000000000000000046E2200006E2200000000000000000000C6060000000000000000000000000000000000000100000000070703000000000000000000009CECE63EF8BDB14000000000000000005B66604408B55F44010FCAFB4065E6783F982E793F051C793F36A1500014000000E8
Длина: 253 байт
  Длина: 253 байт
  Маркер: 5555
  Адрес назначения: 0x01
  Адрес отправителя: 0x12
  Счетчик пакетов: 0x9D
  Длина пакетов: 0xF5
  Функция: 0x06
  Адр: 0x1F 0x00
  Размер: 0x01 0x00
  CRC: 0x00
  Первые 16 байт: 555501129DF50006001F00010000E231
  ... и еще 237 байт

Пакет #439 [13:11:25.456]
HEX: 55551201A20500080000F500B7
Длина: 13 байт
  Длина: 13 байт
  Маркер: 5555
  Адрес назначения: 0x12
  Адрес отправителя: 0x01
  Счетчик пакетов: 0xA2
  Длина пакетов: 0x05
  Функция: 0x08
  Адр: 0x00 0x00
  Размер: 0x00 0xF5
  CRC: 0xB7
  Первые 13 байт: 55551201A20500080000F500B7

Пакет #440 [13:11:25.632]
HEX: 55550112A2F50006001F00010000E2310100000000000000000000000000000000000061759F4100000000337A123F033EA6410000C8420A57B4420000000000000000000000000000000012ADB33FFD7FF940F8EE47C3F8EE47C3D5B719421ED7994100000000000000001ED7994100000000000000007DF5373F49AB6140F65438400000000000000000000000000000000000046E2200006E2200000000000000000000C6060000000000000000000000000000000000000100000000070703000000000000000000009CECE63EF8BDB14000000000000000005B66604408B55F44010FCAFB4065E6783F982E793F051C793F36A1500014000000ED
Длина: 253 байт
  Длина: 253 байт
  Маркер: 5555
  Адрес назначения: 0x01
  Адрес отправителя: 0x12
  Счетчик пакетов: 0xA2
  Длина пакетов: 0xF5
  Функция: 0x06
  Адр: 0x1F 0x00
  Размер: 0x01 0x00
  CRC: 0x00
  Первые 16 байт: 55550112A2F50006001F00010000E231
  ... и еще 237 байт

Пакет #441 [13:11:25.649]
HEX: 55551201A70500080000F500BC
Длина: 13 байт
  Длина: 13 байт
  Маркер: 5555
  Адрес назначения: 0x12
  Адрес отправителя: 0x01
  Счетчик пакетов: 0xA7
  Длина пакетов: 0x05
  Функция: 0x08
  Адр: 0x00 0x00
  Размер: 0x00 0xF5
  CRC: 0xBC
  Первые 13 байт: 55551201A70500080000F500BC

Пакет #442 [13:11:25.830]
HEX: 55550112A7F50006001F00010000E2310100000000000000000000000000000000000061759F4100000000337A123F033EA6410000C8420A57B4420000000000000000000000000000000012ADB33FFD7FF940F8EE47C3F8EE47C3D5B719421ED7994100000000000000001ED7994100000000000000007DF5373F83AC6140DF5438400000000000000000000000000000000000046E2200006E2200000000000000000000C6060000000000000000000000000000000000000100000000070703000000000000000000009CECE63EF8BDB14000000000000000005B66604408B55F44010FCAFB4065E6783F982E793FE61B793F36A1500014000000F6
Длина: 253 байт
  Длина: 253 байт
  Маркер: 5555
  Адрес назначения: 0x01
  Адрес отправителя: 0x12
  Счетчик пакетов: 0xA7
  Длина пакетов: 0xF5
  Функция: 0x06
  Адр: 0x1F 0x00
  Размер: 0x01 0x00
  CRC: 0x00
  Первые 16 байт: 55550112A7F50006001F00010000E231
  ... и еще 237 байт

Пакет #443 [13:11:25.842]
HEX: 55551201AD0500080000F500C2
Длина: 13 байт
  Длина: 13 байт
  Маркер: 5555
  Адрес назначения: 0x12
  Адрес отправителя: 0x01
  Счетчик пакетов: 0xAD
  Длина пакетов: 0x05
  Функция: 0x08
  Адр: 0x00 0x00
  Размер: 0x00 0xF5
  CRC: 0xC2
  Первые 13 байт: 55551201AD0500080000F500C2

Пакет #444 [13:11:26.012]
HEX: 55550112ADF50006001F00010000E2310100000000000000000000000000000000000061759F4100000000337A123F033EA6410000C8420A57B4420000000000000000000000000000000012ADB33FFD7FF940F8EE47C3F8EE47C3D5B719421ED7994100000000000000001ED7994100000000000000007DF5373F83AC6140DF5438400000000000000000000000000000000000046E2200006E2200000000000000000000C6060000000000000000000000000000000000000100000000070703000000000000000000009CECE63EF8BDB14000000000000000004248604408B55F44010FCAFB4065E6783F982E793FE61B793F36A1500014000000C5
Длина: 253 байт
  Длина: 253 байт
  Маркер: 5555
  Адрес назначения: 0x01
  Адрес отправителя: 0x12
  Счетчик пакетов: 0xAD
  Длина пакетов: 0xF5
  Функция: 0x06
  Адр: 0x1F 0x00
  Размер: 0x01 0x00
  CRC: 0x00
  Первые 16 байт: 55550112ADF50006001F00010000E231
  ... и еще 237 байт

Пакет #445 [13:11:26.035]
HEX: 55551201B30500080000F500C8
Длина: 13 байт
  Длина: 13 байт
  Маркер: 5555
  Адрес назначения: 0x12
  Адрес отправителя: 0x01
  Счетчик пакетов: 0xB3
  Длина пакетов: 0x05
  Функция: 0x08
  Адр: 0x00 0x00
  Размер: 0x00 0xF5
  CRC: 0xC8
  Первые 13 байт: 55551201B30500080000F500C8

Пакет #446 [13:11:26.200]
HEX: 55550112B3F50006001F00010000E2310100000000000000000000000000000000000061759F4100000000337A123F033EA6410000C8420A57B4420000000000000000000000000000000012ADB33FB457F940F8EE47C3F8EE47C360B719421ED7994100000000000000001ED7994100000000000000007DF5373F83AC6140DF5438400000000000000000000000000000000000046E2200006E2200000000000000000000C6060000000000000000000000000000000000000100000000070703000000000000000000009CECE63EF8BDB140000000000000000042486044CFCF5F44010FCAFB40A7E5783F982E793FE61B793F36A150001400000007
Длина: 253 байт
  Длина: 253 байт
  Маркер: 5555
  Адрес назначения: 0x01
  Адрес отправителя: 0x12
  Счетчик пакетов: 0xB3
  Длина пакетов: 0xF5
  Функция: 0x06
  Адр: 0x1F 0x00
  Размер: 0x01 0x00
  CRC: 0x00
  Первые 16 байт: 55550112B3F50006001F00010000E231
  ... и еще 237 байт

Пакет #447 [13:11:26.221]
HEX: 55551201B90500080000F500CE
Длина: 13 байт
  Длина: 13 байт
  Маркер: 5555
  Адрес назначения: 0x12
  Адрес отправителя: 0x01
  Счетчик пакетов: 0xB9
  Длина пакетов: 0x05
  Функция: 0x08
  Адр: 0x00 0x00
  Размер: 0x00 0xF5
  CRC: 0xCE
  Первые 13 байт: 55551201B90500080000F500CE

Пакет #448 [13:11:26.392]
HEX: 55550112B9F50006001F00010000E2310100000000000000000000000000000000000068749F4100000000337A123F033EA6410000C8420A57B4420000000000000000000000000000000068D9B33FB457F940F8EE47C3F8EE47C360B7194260D69941000000000000000060D699410000000000000000D7F4373F83AC6140DF5438400000000000000000000000000000000000046E2200006E2200000000000000000000C606000000000000000000000000000000000000010000000007070300000000000000000000CAEBE63E7B75B140000000000000000042486044CFCF5F44010FCAFB40A7E5783FB62D793FE61B793F36A1500014000000F5
Длина: 253 байт
  Длина: 253 байт
  Маркер: 5555
  Адрес назначения: 0x01
  Адрес отправителя: 0x12
  Счетчик пакетов: 0xB9
  Длина пакетов: 0xF5
  Функция: 0x06
  Адр: 0x1F 0x00
  Размер: 0x01 0x00
  CRC: 0x00
  Первые 16 байт: 55550112B9F50006001F00010000E231
  ... и еще 237 байт

Пакет #449 [13:11:26.403]
HEX: 55551201BF0500080000F500D4
Длина: 13 байт
  Длина: 13 байт
  Маркер: 5555
  Адрес назначения: 0x12
  Адрес отправителя: 0x01
  Счетчик пакетов: 0xBF
  Длина пакетов: 0x05
  Функция: 0x08
  Адр: 0x00 0x00
  Размер: 0x00 0xF5
  CRC: 0xD4
  Первые 13 байт: 55551201BF0500080000F500D4

Пакет #450 [13:11:26.578]
HEX: 55550112BFF50006001F00010000E3310100000000000000000000000000000000000068749F4100000000DF8B123FF729A6410000C8420A57B4420000000000000000000000000000000068D9B33FB457F940F8EE47C3F8EE47C360B7194260D69941000000000000000060D699410000000000000000D7F4373F83AC6140DF5438400000000000000000000000000000000000046D2200006D2200000000000000000000C506000000000000000000000000000000000000010000000007070300000000000000000000CAEBE63E7B75B1400000000000000000A4686044CFCF5F44017475FB40A7E5783FB62D793FE61B793F37A150001400000028
Длина: 253 байт
  Длина: 253 байт
  Маркер: 5555
  Адрес назначения: 0x01
  Адрес отправителя: 0x12
  Счетчик пакетов: 0xBF
  Длина пакетов: 0xF5
  Функция: 0x06
  Адр: 0x1F 0x00
  Размер: 0x01 0x00
  CRC: 0x00
  Первые 16 байт: 55550112BFF50006001F00010000E331
  ... и еще 237 байт

Пакет #451 [13:11:26.589]
HEX: 55551201C50500080000F500DA
Длина: 13 байт
  Длина: 13 байт
  Маркер: 5555
  Адрес назначения: 0x12
  Адрес отправителя: 0x01
  Счетчик пакетов: 0xC5
  Длина пакетов: 0x05
  Функция: 0x08
  Адр: 0x00 0x00
  Размер: 0x00 0xF5
  CRC: 0xDA
  Первые 13 байт: 55551201C50500080000F500DA

Пакет #452 [13:11:26.761]
HEX: 55550112C5F50006001F00010000E3310100000000000000000000000000000000000068749F4100000000DF8B123FF729A6410000C8420A57B4420000000000000000000000000000000068D9B33FB457F940F8EE47C3F8EE47C360B7194260D69941000000000000000060D699410000000000000000D7F4373F83AC6140DF5438400000000000000000000000000000000000046D2200006D2200000000000000000000C506000000000000000000000000000000000000010000000007070300000000000000000000CAEBE63E7B75B1400000000000000000A4686044CFCF5F44017475FB40A7E5783FB62D793FE61B793F37A15000140000002E
Длина: 253 байт
  Длина: 253 байт
  Маркер: 5555
  Адрес назначения: 0x01
  Адрес отправителя: 0x12
  Счетчик пакетов: 0xC5
  Длина пакетов: 0xF5
  Функция: 0x06
  Адр: 0x1F 0x00
  Размер: 0x01 0x00
  CRC: 0x00
  Первые 16 байт: 55550112C5F50006001F00010000E331
  ... и еще 237 байт

Пакет #453 [13:11:26.773]
HEX: 55551201CA0500080000F500DF
Длина: 13 байт
  Длина: 13 байт
  Маркер: 5555
  Адрес назначения: 0x12
  Адрес отправителя: 0x01
  Счетчик пакетов: 0xCA
  Длина пакетов: 0x05
  Функция: 0x08
  Адр: 0x00 0x00
  Размер: 0x00 0xF5
  CRC: 0xDF
  Первые 13 байт: 55551201CA0500080000F500DF

Пакет #454 [13:11:26.946]
HEX: 55550112CAF50006001F00010000E3310100000000000000000000000000000000000068749F4100000000DF8B123FF729A6410000C8420A57B4420000000000000000000000000000000068D9B33FB457F940F8EE47C3F8EE47C360B7194260D69941000000000000000060D699410000000000000000D7F4373F83AC6140DF5438400000000000000000000000000000000000046D2200006D2200000000000000000000C506000000000000000000000000000000000000010000000007070300000000000000000000CAEBE63E7B75B1400000000000000000A46860440F016044017475FB40A7E5783FB62D793FE61B793F37A1500014000000A6
Длина: 253 байт
  Длина: 253 байт
  Маркер: 5555
  Адрес назначения: 0x01
  Адрес отправителя: 0x12
  Счетчик пакетов: 0xCA
  Длина пакетов: 0xF5
  Функция: 0x06
  Адр: 0x1F 0x00
  Размер: 0x01 0x00
  CRC: 0x00
  Первые 16 байт: 55550112CAF50006001F00010000E331
  ... и еще 237 байт

Пакет #455 [13:11:26.958]
HEX: 55551201CF0500080000F500E4
Длина: 13 байт
  Длина: 13 байт
  Маркер: 5555
  Адрес назначения: 0x12
  Адрес отправителя: 0x01
  Счетчик пакетов: 0xCF
  Длина пакетов: 0x05
  Функция: 0x08
  Адр: 0x00 0x00
  Размер: 0x00 0xF5
  CRC: 0xE4
  Первые 13 байт: 55551201CF0500080000F500E4

Пакет #456 [13:11:27.145]
HEX: 55550112CFF50006001F00010000E3310100000000000000000000000000000000000068749F4100000000DF8B123FF729A6410000C8420A57B4420000000000000000000000000000000068D9B33FB457F940F8EE47C3F8EE47C360B7194260D69941000000000000000060D699410000000000000000D7F4373F83AC6140DF5438400000000000000000000000000000000000046D2200006D2200000000000000000000C506000000000000000000000000000000000000010000000007070300000000000000000000CAEBE63E7B75B1400000000000000000ED7360440F016044017475FB40A7E5783FB62D793FE61B793F37A1500014000000FF
Длина: 253 байт
  Длина: 253 байт
  Маркер: 5555
  Адрес назначения: 0x01
  Адрес отправителя: 0x12
  Счетчик пакетов: 0xCF
  Длина пакетов: 0xF5
  Функция: 0x06
  Адр: 0x1F 0x00
  Размер: 0x01 0x00
  CRC: 0x00
  Первые 16 байт: 55550112CFF50006001F00010000E331
  ... и еще 237 байт

Пакет #457 [13:11:27.156]
HEX: 55551201D50500080000F500EA
Длина: 13 байт
  Длина: 13 байт
  Маркер: 5555
  Адрес назначения: 0x12
  Адрес отправителя: 0x01
  Счетчик пакетов: 0xD5
  Длина пакетов: 0x05
  Функция: 0x08
  Адр: 0x00 0x00
  Размер: 0x00 0xF5
  CRC: 0xEA
  Первые 13 байт: 55551201D50500080000F500EA

Пакет #458 [13:11:27.322]
HEX: 55550112D5F50006001F00010000E3310100000000000000000000000000000000000068749F4100000000DF8B123FF729A6410000C8420A57B4420000000000000000000000000000000068D9B33FB457F940F8EE47C3F8EE47C360B7194260D69941000000000000000060D699410000000000000000D7F4373F1EAB6140295638400000000000000000000000000000000000046D2200006D2200000000000000000000C506000000000000000000000000000000000000010000000007070300000000000000000000CAEBE63E7B75B1400000000000000000ED7360440F016044017475FB40A7E5783FB62D793FD61B793F37A1500014000000DB
Длина: 253 байт
  Длина: 253 байт
  Маркер: 5555
  Адрес назначения: 0x01
  Адрес отправителя: 0x12
  Счетчик пакетов: 0xD5
  Длина пакетов: 0xF5
  Функция: 0x06
  Адр: 0x1F 0x00
  Размер: 0x01 0x00
  CRC: 0x00
  Первые 16 байт: 55550112D5F50006001F00010000E331
  ... и еще 237 байт

Пакет #459 [13:11:27.338]
HEX: 55551201DB0500080000F500F0
Длина: 13 байт
  Длина: 13 байт
  Маркер: 5555
  Адрес назначения: 0x12
  Адрес отправителя: 0x01
  Счетчик пакетов: 0xDB
  Длина пакетов: 0x05
  Функция: 0x08
  Адр: 0x00 0x00
  Размер: 0x00 0xF5
  CRC: 0xF0
  Первые 13 байт: 55551201DB0500080000F500F0

Пакет #460 [13:11:27.518]
HEX: 55550112DBF50006001F00010000E4310100000000000000000000000000000000000068749F4100000000DF8B123FF729A6410000C8420A57B4420000000000000000000000000000000068D9B33FB457F940F8EE47C3F8EE47C360B7194260D69941000000000000000060D699410000000000000000D7F4373F1EAB6140295638400000000000000000000000000000000000046C2200006C2200000000000000000000C406000000000000000000000000000000000000010000000007070300000000000000000000CAEBE63E7B75B1400000000000000000ED73604499E55F44019A67FB40A7E5783FB62D793FD61B793F38A150001400000065
Длина: 253 байт
  Длина: 253 байт
  Маркер: 5555
  Адрес назначения: 0x01
  Адрес отправителя: 0x12
  Счетчик пакетов: 0xDB
  Длина пакетов: 0xF5
  Функция: 0x06
  Адр: 0x1F 0x00
  Размер: 0x01 0x00
  CRC: 0x00
  Первые 16 байт: 55550112DBF50006001F00010000E431
  ... и еще 237 байт

Пакет #461 [13:11:27.530]
HEX: 55551201E10500080000F500F6
Длина: 13 байт
  Длина: 13 байт
  Маркер: 5555
  Адрес назначения: 0x12
  Адрес отправителя: 0x01
  Счетчик пакетов: 0xE1
  Длина пакетов: 0x05
  Функция: 0x08
  Адр: 0x00 0x00
  Размер: 0x00 0xF5
  CRC: 0xF6
  Первые 13 байт: 55551201E10500080000F500F6

Пакет #462 [13:11:27.702]
HEX: 55550112E1F50006001F00010000E4310100000000000000000000000000000000000068749F4100000000DF8B123FF729A6410000C8420A57B4420000000000000000000000000000000068D9B33FB457F940F8EE47C3F8EE47C360B7194260D69941000000000000000060D699410000000000000000D7F4373F1EAB6140295638400000000000000000000000000000000000046C2200006C2200000000000000000000C406000000000000000000000000000000000000010000000007070300000000000000000000CAEBE63E7B75B14000000000000000006F5B604499E55F44019A67FB40A7E5783FB62D793FD61B793F38A1500014000000D5
Длина: 253 байт
  Длина: 253 байт
  Маркер: 5555
  Адрес назначения: 0x01
  Адрес отправителя: 0x12
  Счетчик пакетов: 0xE1
  Длина пакетов: 0xF5
  Функция: 0x06
  Адр: 0x1F 0x00
  Размер: 0x01 0x00
  CRC: 0x00
  Первые 16 байт: 55550112E1F50006001F00010000E431
  ... и еще 237 байт

Пакет #463 [13:11:27.714]
HEX: 55551201E80500080000F500FD
Длина: 13 байт
  Длина: 13 байт
  Маркер: 5555
  Адрес назначения: 0x12
  Адрес отправителя: 0x01
  Счетчик пакетов: 0xE8
  Длина пакетов: 0x05
  Функция: 0x08
  Адр: 0x00 0x00
  Размер: 0x00 0xF5
  CRC: 0xFD
  Первые 13 байт: 55551201E80500080000F500FD

Пакет #464 [13:11:27.890]
HEX: 55550112E8F50006001F00010000E4310100000000000000000000000000000000000068749F4100000000DF8B123FF729A6410000C8420A57B4420000000000000000000000000000000068D9B33FB457F940F8EE47C3F8EE47C360B7194260D69941000000000000000060D699410000000000000000D7F4373F1EAB6140295638400000000000000000000000000000000000046C2200006C2200000000000000000000C406000000000000000000000000000000000000010000000007070300000000000000000000CAEBE63E7B75B14000000000000000006F5B604499E55F44019A67FB40A7E5783FB62D793FD61B793F38A1500014000000DC
Длина: 253 байт
  Длина: 253 байт
  Маркер: 5555
  Адрес назначения: 0x01
  Адрес отправителя: 0x12
  Счетчик пакетов: 0xE8
  Длина пакетов: 0xF5
  Функция: 0x06
  Адр: 0x1F 0x00
  Размер: 0x01 0x00
  CRC: 0x00
  Первые 16 байт: 55550112E8F50006001F00010000E431
  ... и еще 237 байт

Пакет #465 [13:11:27.912]
HEX: 55551201ED0500080000F50002
Длина: 13 байт
  Длина: 13 байт
  Маркер: 5555
  Адрес назначения: 0x12
  Адрес отправителя: 0x01
  Счетчик пакетов: 0xED
  Длина пакетов: 0x05
  Функция: 0x08
  Адр: 0x00 0x00
  Размер: 0x00 0xF5
  CRC: 0x02
  Первые 13 байт: 55551201ED0500080000F50002

Пакет #466 [13:11:28.082]
HEX: 55550112EDF50006001F00010000E4310100000000000000000000000000000000000068749F4100000000DF8B123FF729A6410000C8420A57B4420000000000000000000000000000000068D9B33FB457F940F8EE47C3F8EE47C360B7194260D69941000000000000000060D699410000000000000000D7F4373F1EAB6140295638400000000000000000000000000000000000046C2200006C2200000000000000000000C406000000000000000000000000000000000000010000000007070300000000000000000000CAEBE63E7B75B14000000000000000006F5B604499E55F44019A67FB40A7E5783FB62D793FD61B793F38A1500014000000E1
Длина: 253 байт
  Длина: 253 байт
  Маркер: 5555
  Адрес назначения: 0x01
  Адрес отправителя: 0x12
  Счетчик пакетов: 0xED
  Длина пакетов: 0xF5
  Функция: 0x06
  Адр: 0x1F 0x00
  Размер: 0x01 0x00
  CRC: 0x00
  Первые 16 байт: 55550112EDF50006001F00010000E431
  ... и еще 237 байт

Пакет #467 [13:11:28.106]
HEX: 55551201F10500080000F50006
Длина: 13 байт
  Длина: 13 байт
  Маркер: 5555
  Адрес назначения: 0x12
  Адрес отправителя: 0x01
  Счетчик пакетов: 0xF1
  Длина пакетов: 0x05
  Функция: 0x08
  Адр: 0x00 0x00
  Размер: 0x00 0xF5
  CRC: 0x06
  Первые 13 байт: 55551201F10500080000F50006

Пакет #468 [13:11:28.279]
HEX: 55550112F1F50006001F00010000E4310100000000000000000000000000000000000068749F4100000000DF8B123FF729A6410000C8420A57B4420000000000000000000000000000000068D9B33FB457F940F8EE47C3F8EE47C360B7194260D69941000000000000000060D699410000000000000000D7F4373F1EAB6140295638400000000000000000000000000000000000046C2200006C2200000000000000000000C406000000000000000000000000000000000000010000000007070300000000000000000000CAEBE63E7B75B14000000000000000004779604415A65F44019A67FB40A7E5783FB62D793FD61B793F38A150001400000018
Длина: 253 байт
  Длина: 253 байт
  Маркер: 5555
  Адрес назначения: 0x01
  Адрес отправителя: 0x12
  Счетчик пакетов: 0xF1
  Длина пакетов: 0xF5
  Функция: 0x06
  Адр: 0x1F 0x00
  Размер: 0x01 0x00
  CRC: 0x00
  Первые 16 байт: 55550112F1F50006001F00010000E431
  ... и еще 237 байт

Пакет #469 [13:11:28.295]
HEX: 55551201F80500080000F5000D
Длина: 13 байт
  Длина: 13 байт
  Маркер: 5555
  Адрес назначения: 0x12
  Адрес отправителя: 0x01
  Счетчик пакетов: 0xF8
  Длина пакетов: 0x05
  Функция: 0x08
  Адр: 0x00 0x00
  Размер: 0x00 0xF5
  CRC: 0x0D
  Первые 13 байт: 55551201F80500080000F5000D

Пакет #470 [13:11:28.466]
HEX: 55550112F8F50006001F00010000E5310100000000000000000000000000000000000068749F4100000000DF8B123FF729A6410000C8420A57B4420000000000000000000000000000000068D9B33FB457F940F8EE47C3F8EE47C360B7194260D69941000000000000000060D699410000000000000000D7F4373F1EAB6140295638400000000000000000000000000000000000046B2200006B2200000000000000000000C306000000000000000000000000000000000000010000000007070300000000000000000000CAEBE63E7B75B14000000000000000004779604415A65F440145CFFB40A7E5783FB62D793FD61B793F39A150001400000031
Длина: 253 байт
  Длина: 253 байт
  Маркер: 5555
  Адрес назначения: 0x01
  Адрес отправителя: 0x12
  Счетчик пакетов: 0xF8
  Длина пакетов: 0xF5
  Функция: 0x06
  Адр: 0x1F 0x00
  Размер: 0x01 0x00
  CRC: 0x00
  Первые 16 байт: 55550112F8F50006001F00010000E531
  ... и еще 237 байт

Пакет #471 [13:11:28.494]
HEX: 55551201FF0500080000F50014
Длина: 13 байт
  Длина: 13 байт
  Маркер: 5555
  Адрес назначения: 0x12
  Адрес отправителя: 0x01
  Счетчик пакетов: 0xFF
  Длина пакетов: 0x05
  Функция: 0x08
  Адр: 0x00 0x00
  Размер: 0x00 0xF5
  CRC: 0x14
  Первые 13 байт: 55551201FF0500080000F50014

Пакет #472 [13:11:28.668]
HEX: 55550112FFF50006001F00010000E5310100000000000000000000000000000000000068749F4100000000DF8B123FF729A6410000C8420A57B4420000000000000000000000000000000068D9B33FB457F940F8EE47C3F8EE47C360B7194260D69941000000000000000060D699410000000000000000D7F4373F1EAB6140295638400000000000000000000000000000000000046B2200006B2200000000000000000000C306000000000000000000000000000000000000010000000007070300000000000000000000CAEBE63E7B75B14000000000000000004779604415A65F440145CFFB40A7E5783FB62D793FD61B793F39A150001400000038
Длина: 253 байт
  Длина: 253 байт
  Маркер: 5555
  Адрес назначения: 0x01
  Адрес отправителя: 0x12
  Счетчик пакетов: 0xFF
  Длина пакетов: 0xF5
  Функция: 0x06
  Адр: 0x1F 0x00
  Размер: 0x01 0x00
  CRC: 0x00
  Первые 16 байт: 55550112FFF50006001F00010000E531
  ... и еще 237 байт

Пакет #473 [13:11:28.679]
HEX: 55551201040500080000F50019
Длина: 13 байт
  Длина: 13 байт
  Маркер: 5555
  Адрес назначения: 0x12
  Адрес отправителя: 0x01
  Счетчик пакетов: 0x04
  Длина пакетов: 0x05
  Функция: 0x08
  Адр: 0x00 0x00
  Размер: 0x00 0xF5
  CRC: 0x19
  Первые 13 байт: 55551201040500080000F50019

Пакет #474 [13:11:28.856]
HEX: 5555011204F50006001F00010000E53101000000000000000000000000000000000000F6749F4100000000DF8B123FF729A6410000C8420A57B4420000000000000000000000000000000027B2B33FF654F940F8EE47C3F8EE47C329BC1942CDD699410000000000000000CDD69941000000000000000036F5373F6EAC6140235638400000000000000000000000000000000000046B2200006B2200000000000000000000C30600000000000000000000000000000000000001000000000707030000000000000000000042ECE63E4B9AB1400000000000000000248B604431E25F440145CFFB4048E5783F372E793FCE1B793F39A1500014000000C5
Длина: 253 байт
  Длина: 253 байт
  Маркер: 5555
  Адрес назначения: 0x01
  Адрес отправителя: 0x12
  Счетчик пакетов: 0x04
  Длина пакетов: 0xF5
  Функция: 0x06
  Адр: 0x1F 0x00
  Размер: 0x01 0x00
  CRC: 0x00
  Первые 16 байт: 5555011204F50006001F00010000E531
  ... и еще 237 байт

Пакет #475 [13:11:28.867]
HEX: 555512010A0500080000F5001F
Длина: 13 байт
  Длина: 13 байт
  Маркер: 5555
  Адрес назначения: 0x12
  Адрес отправителя: 0x01
  Счетчик пакетов: 0x0A
  Длина пакетов: 0x05
  Функция: 0x08
  Адр: 0x00 0x00
  Размер: 0x00 0xF5
  CRC: 0x1F
  Первые 13 байт: 555512010A0500080000F5001F

Пакет #476 [13:11:29.050]
HEX: 555501120AF50006001F00010000E53101000000000000000000000000000000000000F6749F4100000000DF8B123FF729A6410000C8420A57B4420000000000000000000000000000000027B2B33FF654F940F8EE47C3F8EE47C329BC1942CDD699410000000000000000CDD69941000000000000000036F5373F6EAC6140235638400000000000000000000000000000000000046B2200006B2200000000000000000000C30600000000000000000000000000000000000001000000000707030000000000000000000042ECE63E4B9AB1400000000000000000248B604431E25F440145CFFB4048E5783F372E793FCE1B793F39A1500014000000CB
Длина: 253 байт
  Длина: 253 байт
  Маркер: 5555
  Адрес назначения: 0x01
  Адрес отправителя: 0x12
  Счетчик пакетов: 0x0A
  Длина пакетов: 0xF5
  Функция: 0x06
  Адр: 0x1F 0x00
  Размер: 0x01 0x00
  CRC: 0x00
  Первые 16 байт: 555501120AF50006001F00010000E531
  ... и еще 237 байт

Пакет #477 [13:11:29.062]
HEX: 555512010F0500080000F50024
Длина: 13 байт
  Длина: 13 байт
  Маркер: 5555
  Адрес назначения: 0x12
  Адрес отправителя: 0x01
  Счетчик пакетов: 0x0F
  Длина пакетов: 0x05
  Функция: 0x08
  Адр: 0x00 0x00
  Размер: 0x00 0xF5
  CRC: 0x24
  Первые 13 байт: 555512010F0500080000F50024

Пакет #478 [13:11:29.244]
HEX: 555501120FF50006001F00010000E53101000000000000000000000000000000000000F6749F4100000000DF8B123FF729A6410000C8420A57B4420000000000000000000000000000000027B2B33FF654F940F8EE47C3F8EE47C329BC1942CDD699410000000000000000CDD69941000000000000000036F5373F6EAC6140235638400000000000000000000000000000000000046B2200006B2200000000000000000000C30600000000000000000000000000000000000001000000000707030000000000000000000042ECE63E4B9AB1400000000000000000248B604431E25F440145CFFB4048E5783F372E793FCE1B793F39A1500014000000D0
Длина: 253 байт
  Длина: 253 байт
  Маркер: 5555
  Адрес назначения: 0x01
  Адрес отправителя: 0x12
  Счетчик пакетов: 0x0F
  Длина пакетов: 0xF5
  Функция: 0x06
  Адр: 0x1F 0x00
  Размер: 0x01 0x00
  CRC: 0x00
  Первые 16 байт: 555501120FF50006001F00010000E531
  ... и еще 237 байт

Пакет #479 [13:11:29.257]
HEX: 55551201150500080000F5002A
Длина: 13 байт
  Длина: 13 байт
  Маркер: 5555
  Адрес назначения: 0x12
  Адрес отправителя: 0x01
  Счетчик пакетов: 0x15
  Длина пакетов: 0x05
  Функция: 0x08
  Адр: 0x00 0x00
  Размер: 0x00 0xF5
  CRC: 0x2A
  Первые 13 байт: 55551201150500080000F5002A

Пакет #480 [13:11:29.423]
HEX: 5555011215F50006001F00010000E63101000000000000000000000000000000000000F6749F4100000000CB81123F6535A6410000C8420A57B4420000000000000000000000000000000027B2B33FF654F940F8EE47C3F8EE47C329BC1942CDD699410000000000000000CDD69941000000000000000036F5373F6EAC6140235638400000000000000000000000000000000000046A2200006A2200000000000000000000C20600000000000000000000000000000000000001000000000707030000000000000000000042ECE63E4B9AB1400000000000000000E072604431E25F440169D4FB4048E5783F372E793FCE1B793F3AA1500014000000FD
Длина: 253 байт
  Длина: 253 байт
  Маркер: 5555
  Адрес назначения: 0x01
  Адрес отправителя: 0x12
  Счетчик пакетов: 0x15
  Длина пакетов: 0xF5
  Функция: 0x06
  Адр: 0x1F 0x00
  Размер: 0x01 0x00
  CRC: 0x00
  Первые 16 байт: 5555011215F50006001F00010000E631
  ... и еще 237 байт

Пакет #481 [13:11:29.439]
HEX: 555512011C0500080000F50031
Длина: 13 байт
  Длина: 13 байт
  Маркер: 5555
  Адрес назначения: 0x12
  Адрес отправителя: 0x01
  Счетчик пакетов: 0x1C
  Длина пакетов: 0x05
  Функция: 0x08
  Адр: 0x00 0x00
  Размер: 0x00 0xF5
  CRC: 0x31
  Первые 13 байт: 555512011C0500080000F50031

Пакет #482 [13:11:29.604]
HEX: 555501121CF50006001F00010000E63101000000000000000000000000000000000000F6749F4100000000CB81123F6535A6410000C8420A57B4420000000000000000000000000000000027B2B33FF654F940F8EE47C3F8EE47C329BC1942CDD699410000000000000000CDD69941000000000000000036F5373F6EAC6140235638400000000000000000000000000000000000046A2200006A2200000000000000000000C20600000000000000000000000000000000000001000000000707030000000000000000000042ECE63E4B9AB1400000000000000000E0726044F3B95F440169D4FB4048E5783F372E793FCE1B793F3AA15000140000009D
Длина: 253 байт
  Длина: 253 байт
  Маркер: 5555
  Адрес назначения: 0x01
  Адрес отправителя: 0x12
  Счетчик пакетов: 0x1C
  Длина пакетов: 0xF5
  Функция: 0x06
  Адр: 0x1F 0x00
  Размер: 0x01 0x00
  CRC: 0x00
  Первые 16 байт: 555501121CF50006001F00010000E631
  ... и еще 237 байт

Пакет #483 [13:11:29.615]
HEX: 55551201220500080000F50037
Длина: 13 байт
  Длина: 13 байт
  Маркер: 5555
  Адрес назначения: 0x12
  Адрес отправителя: 0x01
  Счетчик пакетов: 0x22
  Длина пакетов: 0x05
  Функция: 0x08
  Адр: 0x00 0x00
  Размер: 0x00 0xF5
  CRC: 0x37
  Первые 13 байт: 55551201220500080000F50037

Пакет #484 [13:11:29.802]
HEX: 5555011222F50006001F00010000E63101000000000000000000000000000000000000F6749F4100000000CB81123F6535A6410000C8420A57B4420000000000000000000000000000000027B2B33FF654F940F8EE47C3F8EE47C329BC1942CDD699410000000000000000CDD69941000000000000000036F5373F6EAC6140235638400000000000000000000000000000000000046A2200006A2200000000000000000000C20600000000000000000000000000000000000001000000000707030000000000000000000042ECE63E4B9AB1400000000000000000E0726044F3B95F440169D4FB4048E5783F372E793FCE1B793F3AA1500014000000A3
Длина: 253 байт
  Длина: 253 байт
  Маркер: 5555
  Адрес назначения: 0x01
  Адрес отправителя: 0x12
  Счетчик пакетов: 0x22
  Длина пакетов: 0xF5
  Функция: 0x06
  Адр: 0x1F 0x00
  Размер: 0x01 0x00
  CRC: 0x00
  Первые 16 байт: 5555011222F50006001F00010000E631
  ... и еще 237 байт

Пакет #485 [13:11:29.820]
HEX: 55551201270500080000F5003C
Длина: 13 байт
  Длина: 13 байт
  Маркер: 5555
  Адрес назначения: 0x12
  Адрес отправителя: 0x01
  Счетчик пакетов: 0x27
  Длина пакетов: 0x05
  Функция: 0x08
  Адр: 0x00 0x00
  Размер: 0x00 0xF5
  CRC: 0x3C
  Первые 13 байт: 55551201270500080000F5003C

Пакет #486 [13:11:29.988]
HEX: 5555011227F50006001F00010000E63101000000000000000000000000000000000000F6749F4100000000CB81123F6535A6410000C8420A57B4420000000000000000000000000000000027B2B33FF654F940F8EE47C3F8EE47C329BC1942CDD699410000000000000000CDD69941000000000000000036F5373F6EAC6140235638400000000000000000000000000000000000046A2200006A2200000000000000000000C20600000000000000000000000000000000000001000000000707030000000000000000000042ECE63E4B9AB1400000000000000000F3776044F3B95F440169D4FB4048E5783F372E793FCE1B793F3AA1500014000000C0
Длина: 253 байт
  Длина: 253 байт
  Маркер: 5555
  Адрес назначения: 0x01
  Адрес отправителя: 0x12
  Счетчик пакетов: 0x27
  Длина пакетов: 0xF5
  Функция: 0x06
  Адр: 0x1F 0x00
  Размер: 0x01 0x00
  CRC: 0x00
  Первые 16 байт: 5555011227F50006001F00010000E631
  ... и еще 237 байт

Пакет #487 [13:11:30.009]
HEX: 555512012C0500080000F50041
Длина: 13 байт
  Длина: 13 байт
  Маркер: 5555
  Адрес назначения: 0x12
  Адрес отправителя: 0x01
  Счетчик пакетов: 0x2C
  Длина пакетов: 0x05
  Функция: 0x08
  Адр: 0x00 0x00
  Размер: 0x00 0xF5
  CRC: 0x41
  Первые 13 байт: 555512012C0500080000F50041

Пакет #488 [13:11:30.188]
HEX: 555501122CF50006001F00010000E63101000000000000000000000000000000000000F6749F4100000000CB81123F6535A6410000C8420A57B4420000000000000000000000000000000027B2B33FF654F940F8EE47C3F8EE47C329BC1942CDD699410000000000000000CDD69941000000000000000036F5373F6EAC6140235638400000000000000000000000000000000000046A2200006A2200000000000000000000C20600000000000000000000000000000000000001000000000707030000000000000000000042ECE63E4B9AB1400000000000000000F3776044F3B95F440169D4FB4048E5783F372E793FCE1B793F3AA1500014000000C5
Длина: 253 байт
  Длина: 253 байт
  Маркер: 5555
  Адрес назначения: 0x01
  Адрес отправителя: 0x12
  Счетчик пакетов: 0x2C
  Длина пакетов: 0xF5
  Функция: 0x06
  Адр: 0x1F 0x00
  Размер: 0x01 0x00
  CRC: 0x00
  Первые 16 байт: 555501122CF50006001F00010000E631
  ... и еще 237 байт

Пакет #489 [13:11:30.206]
HEX: 55551201330500080000F50048
Длина: 13 байт
  Длина: 13 байт
  Маркер: 5555
  Адрес назначения: 0x12
  Адрес отправителя: 0x01
  Счетчик пакетов: 0x33
  Длина пакетов: 0x05
  Функция: 0x08
  Адр: 0x00 0x00
  Размер: 0x00 0xF5
  CRC: 0x48
  Первые 13 байт: 55551201330500080000F50048

Пакет #490 [13:11:30.377]
HEX: 5555011233F50006001F00010000E63101000000000000000000000000000000000000F6749F4100000000CB81123F6535A6410000C8420A57B4420000000000000000000000000000000027B2B33FF654F940F8EE47C3F8EE47C329BC1942CDD699410000000000000000CDD69941000000000000000036F5373F6AAC6140205638400000000000000000000000000000000000046A2200006A2200000000000000000000C20600000000000000000000000000000000000001000000000707030000000000000000000042ECE63E4B9AB1400000000000000000F37760442BD25F440169D4FB4048E5783F372E793FCA1B793F3AA150001400000012
Длина: 253 байт
  Длина: 253 байт
  Маркер: 5555
  Адрес назначения: 0x01
  Адрес отправителя: 0x12
  Счетчик пакетов: 0x33
  Длина пакетов: 0xF5
  Функция: 0x06
  Адр: 0x1F 0x00
  Размер: 0x01 0x00
  CRC: 0x00
  Первые 16 байт: 5555011233F50006001F00010000E631
  ... и еще 237 байт

Пакет #491 [13:11:30.388]
HEX: 555512013A0500080000F5004F
Длина: 13 байт
  Длина: 13 байт
  Маркер: 5555
  Адрес назначения: 0x12
  Адрес отправителя: 0x01
  Счетчик пакетов: 0x3A
  Длина пакетов: 0x05
  Функция: 0x08
  Адр: 0x00 0x00
  Размер: 0x00 0xF5
  CRC: 0x4F
  Первые 13 байт: 555512013A0500080000F5004F

Пакет #492 [13:11:30.560]
HEX: 555501123AF50006001F00010000E73101000000000000000000000000000000000000F6749F4100000000CB81123F6535A6410000C8420A57B4420000000000000000000000000000000027B2B33FF654F940F8EE47C3F8EE47C329BC1942CDD699410000000000000000CDD69941000000000000000036F5373F6AAC61402056384000000000000000000000000000000000000469220000692200000000000000000000C10600000000000000000000000000000000000001000000000707030000000000000000000042ECE63E4B9AB1400000000000000000155C60442BD25F440107CDFB4048E5783F372E793FCA1B793F3BA1500014000000B6
Длина: 253 байт
  Длина: 253 байт
  Маркер: 5555
  Адрес назначения: 0x01
  Адрес отправителя: 0x12
  Счетчик пакетов: 0x3A
  Длина пакетов: 0xF5
  Функция: 0x06
  Адр: 0x1F 0x00
  Размер: 0x01 0x00
  CRC: 0x00
  Первые 16 байт: 555501123AF50006001F00010000E731
  ... и еще 237 байт

Пакет #493 [13:11:30.578]
HEX: 555512013E0500080000F50053
Длина: 13 байт
  Длина: 13 байт
  Маркер: 5555
  Адрес назначения: 0x12
  Адрес отправителя: 0x01
  Счетчик пакетов: 0x3E
  Длина пакетов: 0x05
  Функция: 0x08
  Адр: 0x00 0x00
  Размер: 0x00 0xF5
  CRC: 0x53
  Первые 13 байт: 555512013E0500080000F50053

Пакет #494 [13:11:30.750]
HEX: 555501123EF50006001F00010000E73101000000000000000000000000000000000000F6749F4100000000CB81123F6535A6410000C8420A57B4420000000000000000000000000000000027B2B33FF654F940F8EE47C3F8EE47C329BC1942CDD699410000000000000000CDD69941000000000000000036F5373F6AAC61402056384000000000000000000000000000000000000469220000692200000000000000000000C10600000000000000000000000000000000000001000000000707030000000000000000000042ECE63E4B9AB1400000000000000000155C60442BD25F440107CDFB4048E5783F372E793FCA1B793F3BA1500014000000BA
Длина: 253 байт
  Длина: 253 байт
  Маркер: 5555
  Адрес назначения: 0x01
  Адрес отправителя: 0x12
  Счетчик пакетов: 0x3E
  Длина пакетов: 0xF5
  Функция: 0x06
  Адр: 0x1F 0x00
  Размер: 0x01 0x00
  CRC: 0x00
  Первые 16 байт: 555501123EF50006001F00010000E731
  ... и еще 237 байт

Пакет #495 [13:11:30.766]
HEX: 55551201440500080000F50059
Длина: 13 байт
  Длина: 13 байт
  Маркер: 5555
  Адрес назначения: 0x12
  Адрес отправителя: 0x01
  Счетчик пакетов: 0x44
  Длина пакетов: 0x05
  Функция: 0x08
  Адр: 0x00 0x00
  Размер: 0x00 0xF5
  CRC: 0x59
  Первые 13 байт: 55551201440500080000F50059

Пакет #496 [13:11:30.928]
HEX: 5555011244F50006001F00010000E73101000000000000000000000000000000000000F6749F4100000000CB81123F6535A6410000C8420A57B4420000000000000000000000000000000027B2B33FF654F940F8EE47C3F8EE47C329BC1942CDD699410000000000000000CDD69941000000000000000036F5373F6AAC61402056384000000000000000000000000000000000000469220000692200000000000000000000C10600000000000000000000000000000000000001000000000707030000000000000000000042ECE63E4B9AB1400000000000000000155C604451F05F440107CDFB4048E5783F372E793FCA1B793F3BA150001400000004
Длина: 253 байт
  Длина: 253 байт
  Маркер: 5555
  Адрес назначения: 0x01
  Адрес отправителя: 0x12
  Счетчик пакетов: 0x44
  Длина пакетов: 0xF5
  Функция: 0x06
  Адр: 0x1F 0x00
  Размер: 0x01 0x00
  CRC: 0x00
  Первые 16 байт: 5555011244F50006001F00010000E731
  ... и еще 237 байт

Пакет #497 [13:11:30.944]
HEX: 555512014A0500080000F5005F
Длина: 13 байт
  Длина: 13 байт
  Маркер: 5555
  Адрес назначения: 0x12
  Адрес отправителя: 0x01
  Счетчик пакетов: 0x4A
  Длина пакетов: 0x05
  Функция: 0x08
  Адр: 0x00 0x00
  Размер: 0x00 0xF5
  CRC: 0x5F
  Первые 13 байт: 555512014A0500080000F5005F

Пакет #498 [13:11:31.131]
HEX: 555501124AF50006001F00010000E73101000000000000000000000000000000000000F6749F4100000000CB81123F6535A6410000C8420A57B4420000000000000000000000000000000027B2B33FF654F940F8EE47C3F8EE47C329BC1942CDD699410000000000000000CDD69941000000000000000036F5373F6AAC61402056384000000000000000000000000000000000000469220000692200000000000000000000C10600000000000000000000000000000000000001000000000707030000000000000000000042ECE63E4B9AB14000000000000000006448604451F05F440107CDFB4048E5783F372E793FCA1B793F3BA150001400000045
Длина: 253 байт
  Длина: 253 байт
  Маркер: 5555
  Адрес назначения: 0x01
  Адрес отправителя: 0x12
  Счетчик пакетов: 0x4A
  Длина пакетов: 0xF5
  Функция: 0x06
  Адр: 0x1F 0x00
  Размер: 0x01 0x00
  CRC: 0x00
  Первые 16 байт: 555501124AF50006001F00010000E731
  ... и еще 237 байт

Пакет #499 [13:11:31.142]
HEX: 555512014F0500080000F50064
Длина: 13 байт
  Длина: 13 байт
  Маркер: 5555
  Адрес назначения: 0x12
  Адрес отправителя: 0x01
  Счетчик пакетов: 0x4F
  Длина пакетов: 0x05
  Функция: 0x08
  Адр: 0x00 0x00
  Размер: 0x00 0xF5
  CRC: 0x64
  Первые 13 байт: 555512014F0500080000F50064

Пакет #500 [13:11:31.314]
HEX: 555501124FF50006001F00010000E731010000000000000000000000000000000000003E759F4100000000CB81123F6535A6410000C8420A57B44200000000000000000000000000000000DFE7B33FF654F940F8EE47C3F8EE47C329BC194204D79941000000000000000004D79941000000000000000066F5373F6AAC61402056384000000000000000000000000000000000000469220000692200000000000000000000C10600000000000000000000000000000000000001000000000707030000000000000000000011E6E63E4365B14000000000000000006448604451F05F440107CDFB4048E5783F782E793FCA1B793F3BA1500014000000ED
Длина: 253 байт
  Длина: 253 байт
  Маркер: 5555
  Адрес назначения: 0x01
  Адрес отправителя: 0x12
  Счетчик пакетов: 0x4F
  Длина пакетов: 0xF5
  Функция: 0x06
  Адр: 0x1F 0x00
  Размер: 0x01 0x00
  CRC: 0x00
  Первые 16 байт: 555501124FF50006001F00010000E731
  ... и еще 237 байт

Пакет #501 [13:11:31.336]
HEX: 55551201550500080000F5006A
Длина: 13 байт
  Длина: 13 байт
  Маркер: 5555
  Адрес назначения: 0x12
  Адрес отправителя: 0x01
  Счетчик пакетов: 0x55
  Длина пакетов: 0x05
  Функция: 0x08
  Адр: 0x00 0x00
  Размер: 0x00 0xF5
  CRC: 0x6A
  Первые 13 байт: 55551201550500080000F5006A

Пакет #502 [13:11:31.518]
HEX: 5555011255F50006001F00010000E831010000000000000000000000000000000000003E759F4100000000AF7C123F323BA6410000C8420A57B44200000000000000000000000000000000DFE7B33FF654F940F8EE47C3F8EE47C329BC194204D79941000000000000000004D79941000000000000000066F5373F6AAC61402056384000000000000000000000000000000000000468220000682200000000000000000000C00600000000000000000000000000000000000001000000000707030000000000000000000011E6E63E4365B14000000000000000006448604451F05F4401AF74FB4048E5783F782E793FCA1B793F3CA1500014000000F3
Длина: 253 байт
  Длина: 253 байт
  Маркер: 5555
  Адрес назначения: 0x01
  Адрес отправителя: 0x12
  Счетчик пакетов: 0x55
  Длина пакетов: 0xF5
  Функция: 0x06
  Адр: 0x1F 0x00
  Размер: 0x01 0x00
  CRC: 0x00
  Первые 16 байт: 5555011255F50006001F00010000E831
  ... и еще 237 байт

Пакет #503 [13:11:31.530]
HEX: 555512015C0500080000F50071
Длина: 13 байт
  Длина: 13 байт
  Маркер: 5555
  Адрес назначения: 0x12
  Адрес отправителя: 0x01
  Счетчик пакетов: 0x5C
  Длина пакетов: 0x05
  Функция: 0x08
  Адр: 0x00 0x00
  Размер: 0x00 0xF5
  CRC: 0x71
  Первые 13 байт: 555512015C0500080000F50071

Пакет #504 [13:11:31.701]
HEX: 555501125CF50006001F00010000E831010000000000000000000000000000000000003E759F4100000000AF7C123F323BA6410000C8420A57B44200000000000000000000000000000000DFE7B33F2396F940F8EE47C3F8EE47C39DB7194204D79941000000000000000004D79941000000000000000066F5373F6AAC61402056384000000000000000000000000000000000000468220000682200000000000000000000C00600000000000000000000000000000000000001000000000707030000000000000000000011E6E63E4365B1400000000000000000C42D6044B0EE5F4401AF74FB400AE6783F782E793FCA1B793F3CA15000140000003D
Длина: 253 байт
  Длина: 253 байт
  Маркер: 5555
  Адрес назначения: 0x01
  Адрес отправителя: 0x12
  Счетчик пакетов: 0x5C
  Длина пакетов: 0xF5
  Функция: 0x06
  Адр: 0x1F 0x00
  Размер: 0x01 0x00
  CRC: 0x00
  Первые 16 байт: 555501125CF50006001F00010000E831
  ... и еще 237 байт

Пакет #505 [13:11:31.712]
HEX: 55551201610500080000F50076
Длина: 13 байт
  Длина: 13 байт
  Маркер: 5555
  Адрес назначения: 0x12
  Адрес отправителя: 0x01
  Счетчик пакетов: 0x61
  Длина пакетов: 0x05
  Функция: 0x08
  Адр: 0x00 0x00
  Размер: 0x00 0xF5
  CRC: 0x76
  Первые 13 байт: 55551201610500080000F50076
======================================================================
ЗАВЕРШЕНИЕ СНИФФИНГА
Всего пакетов: 505
Время: 2026-08-12 13:11:31
Лог-файл: logs\sniff_20260812_131043.log
======================================================================
